Millis:58951, PWM:0.7, ADC:137, Voltage:0.12V, Resistance:266756.75ohm, LUX:4.87
Millis:58952, PWM:0.7, ADC:138, Voltage:0.12V, Resistance:266756.75ohm, LUX:4.53
Millis:58953, PWM:0.7, ADC:149, Voltage:0.12V, Resistance:266756.75ohm, LUX:4.40
Millis:58954, PWM:0.7, ADC:139, Voltage:0.12V, Resistance:264899.34ohm, LUX:4.87
Millis:58955, PWM:0.7, ADC:154, Voltage:0.12V, Resistance:264899.34ohm, LUX:4.87
Millis:58956, PWM:0.7, ADC:148, Voltage:0.12V, Resistance:264899.34ohm, LUX:4.87
Millis:58957, PWM:0.7, ADC:148, Voltage:0.12V, Resistance:266756.75ohm, LUX:4.87
Millis:58958, PWM:0.7, ADC:148, Voltage:0.12V, Resistance:259473.69ohm, LUX:4.87
Millis:58959, PWM:0.7, ADC:149, Voltage:0.12V, Resistance:266756.75ohm, LUX:5.87
Millis:58960, PWM:0.7, ADC:148, Voltage:0.12V, Resistance:274444.44ohm, LUX:4.91
Millis:58961, PWM:0.7, ADC:152, Voltage:0.12V, Resistance:266756.75ohm, LUX:4.91
Millis:58962, PWM:0.7, ADC:148, Voltage:0.12V, Resistance:264899.34ohm, LUX:4.87
Millis:58963, PWM:0.7, ADC:148, Voltage:0.12V, Resistance:266756.75ohm, LUX:4.87
Millis:58964, PWM:0.7, ADC:148, Voltage:0.12V, Resistance:266756.75ohm, LUX:4.91
Millis:58965, PWM:0.7, ADC:149, Voltage:0.12V, Resistance:266756.75ohm, LUX:5.74
Millis:58966, PWM:0.7, ADC:139, Voltage:0.12V, Resistance:266756.75ohm, LUX:4.83
Millis:58967, PWM:0.7, ADC:149, Voltage:0.12V, Resistance:359009.03ohm, LUX:4.91
Millis:58968, PWM:0.7, ADC:147, Voltage:0.14V, Resistance:264899.34ohm, LUX:4.87
Millis:58969, PWM:0.7, ADC:148, Voltage:0.12V, Resistance:266756.75ohm, LUX:4.91
Millis:58970, PWM:0.7, ADC:149, Voltage:0.12V, Resistance:266756.75ohm, LUX:4.91
Millis:58971, PWM:0.7, ADC:148, Voltage:0.12V, Resistance:266756.75ohm, LUX:4.87
Millis:58972, PWM:0.7, ADC:149, Voltage:0.11V, Resistance:266756.75ohm, LUX:4.87
Millis:58973, PWM:0.7, ADC:148, Voltage:0.12V, Resistance:261258.28ohm, LUX:4.87
Millis:58974, PWM:0.7, ADC:141, Voltage:0.12V, Resistance:264899.34ohm, LUX:4.87
Millis:58975, PWM:0.7, ADC:149, Voltage:0.12V, Resistance:266756.75ohm, LUX:5.04
Millis:58976, PWM:0.7, ADC:149, Voltage:0.12V, Resistance:266756.75ohm, LUX:4.91
Millis:58977, PWM:0.7, ADC:148, Voltage:0.12V, Resistance:286811.59ohm, LUX:4.83
Millis:58978, PWM:0.7, ADC:137, Voltage:0.11V, Resistance:264899.34ohm, LUX:4.87
Millis:58979, PWM:0.7, ADC:148, Voltage:0.11V, Resistance:268639.44ohm, LUX:4.91
Millis:58980, PWM:0.7, ADC:149, Voltage:0.12V, Resistance:263066.66ohm, LUX:4.36
Millis:58981, PWM:0.7, ADC:149, Voltage:0.12V, Resistance:266756.75ohm, LUX:4.91
Millis:58982, PWM:0.7, ADC:148, Voltage:0.12V, Resistance:264899.34ohm, LUX:4.87
Millis:58983, PWM:0.7, ADC:148, Voltage:0.12V, Resistance:264899.34ohm, LUX:4.95
Millis:58984, PWM:0.7, ADC:148, Voltage:0.12V, Resistance:266756.75ohm, LUX:4.87
Millis:58985, PWM:0.7, ADC:149, Voltage:0.12V, Resistance:266756.75ohm, LUX:4.20
Millis:58986, PWM:0.7, ADC:149, Voltage:0.12V, Resistance:264899.34ohm, LUX:5.13
Millis:58987, PWM:0.7, ADC:149, Voltage:0.12V, Resistance:261258.28ohm, LUX:4.87
Millis:58988, PWM:0.7, ADC:149, Voltage:0.12V, Resistance:266756.75ohm, LUX:4.87
Millis:58989, PWM:0.7, ADC:148, Voltage:0.12V, Resistance:257712.42ohm, LUX:4.45
Millis:58990, PWM:0.7, ADC:148, Voltage:0.11V, Resistance:264899.34ohm, LUX:4.87
Millis:58991, PWM:0.7, ADC:156, Voltage:0.12V, Resistance:264899.34ohm, LUX:4.40
Millis:58992, PWM:0.7, ADC:149, Voltage:0.12V, Resistance:264899.34ohm, LUX:4.87
Millis:58993, PWM:0.7, ADC:149, Voltage:0.12V, Resistance:266756.75ohm, LUX:4.87
Millis:58994, PWM:0.7, ADC:148, Voltage:0.12V, Resistance:266756.75ohm, LUX:4.91
Millis:58995, PWM:0.7, ADC:148, Voltage:0.12V, Resistance:257712.42ohm, LUX:4.91
Millis:58996, PWM:0.7, ADC:148, Voltage:0.12V, Resistance:257712.42ohm, LUX:4.87
Millis:58997, PWM:0.7, ADC:148, Voltage:0.12V, Resistance:266756.75ohm, LUX:4.83
Millis:58998, PWM:0.7, ADC:154, Voltage:0.12V, Resistance:264899.34ohm, LUX:4.87
Millis:58999, PWM:0.7, ADC:149, Voltage:0.12V, Resistance:288978.09ohm, LUX:4.87
Millis:59000, PWM:0.7, ADC:154, Voltage:0.12V, Resistance:266756.75ohm, LUX:4.87
Millis:59001, PWM:0.7, ADC:149, Voltage:0.12V, Resistance:266756.75ohm, LUX:4.87
Millis:59002, PWM:0.7, ADC:148, Voltage:0.11V, Resistance:266756.75ohm, LUX:5.04
Millis:59003, PWM:0.7, ADC:152, Voltage:0.12V, Resistance:266756.75ohm, LUX:4.87
Millis:59004, PWM:0.7, ADC:148, Voltage:0.11V, Resistance:264899.34ohm, LUX:4.91
Millis:59005, PWM:0.7, ADC:148, Voltage:0.12V, Resistance:244409.94ohm, LUX:4.91
Millis:59006, PWM:0.7, ADC:149, Voltage:0.12V, Resistance:266756.75ohm, LUX:4.87
Millis:59007, PWM:0.7, ADC:148, Voltage:0.12V, Resistance:266756.75ohm, LUX:4.91
Millis:59008, PWM:0.7, ADC:148, Voltage:0.12V, Resistance:266756.75ohm, LUX:4.91
Millis:59009, PWM:0.7, ADC:148, Voltage:0.12V, Resistance:259473.69ohm, LUX:4.87
Millis:59010, PWM:0.7, ADC:149, Voltage:0.12V, Resistance:268639.44ohm, LUX:4.87
Millis:59011, PWM:0.7, ADC:148, Voltage:0.12V, Resistance:266756.75ohm, LUX:4.87
Millis:59012, PWM:0.7, ADC:153, Voltage:0.12V, Resistance:266756.75ohm, LUX:5.04
Millis:59013, PWM:0.7, ADC:148, Voltage:0.12V, Resistance:266756.75ohm, LUX:4.91
Millis:59014, PWM:0.7, ADC:148, Voltage:0.12V, Resistance:264899.34ohm, LUX:4.87
Millis:59015, PWM:0.7, ADC:147, Voltage:0.12V, Resistance:264899.34ohm, LUX:4.70
Millis:59016, PWM:0.7, ADC:148, Voltage:0.12V, Resistance:264899.34ohm, LUX:4.87
Millis:59017, PWM:0.7, ADC:140, Voltage:0.12V, Resistance:263066.66ohm, LUX:4.83
Millis:59018, PWM:0.7, ADC:149, Voltage:0.12V, Resistance:257712.42ohm, LUX:4.87
Millis:59019, PWM:0.7, ADC:149, Voltage:0.11V, Resistance:264899.34ohm, LUX:4.87
Millis:59020, PWM:0.7, ADC:148, Voltage:0.12V, Resistance:266756.75ohm, LUX:4.91
Millis:59021, PWM:0.7, ADC:148, Voltage:0.12V, Resistance:264899.34ohm, LUX:4.87
Millis:59022, PWM:0.7, ADC:148, Voltage:0.12V, Resistance:264899.34ohm, LUX:4.91
Millis:59023, PWM:0.7, ADC:149, Voltage:0.12V, Resistance:266756.75ohm, LUX:4.87
Millis:59024, PWM:0.7, ADC:137, Voltage:0.13V, Resistance:264899.34ohm, LUX:4.91
Millis:59025, PWM:0.7, ADC:148, Voltage:0.12V, Resistance:266756.75ohm, LUX:4.87
Millis:59026, PWM:0.7, ADC:148, Voltage:0.12V, Resistance:264899.34ohm, LUX:4.40
Millis:59027, PWM:0.7, ADC:148, Voltage:0.12V, Resistance:264899.34ohm, LUX:4.87
Millis:59028, PWM:0.7, ADC:149, Voltage:0.12V, Resistance:264899.34ohm, LUX:4.87
Millis:59029, PWM:0.7, ADC:149, Voltage:0.12V, Resistance:266756.75ohm, LUX:4.95
Millis:59030, PWM:0.7, ADC:147, Voltage:0.12V, Resistance:263066.66ohm, LUX:4.95
Millis:59031, PWM:0.7, ADC:149, Voltage:0.12V, Resistance:266756.75ohm, LUX:4.91
Millis:59032, PWM:0.7, ADC:148, Voltage:0.11V, Resistance:266756.75ohm, LUX:4.91
Millis:59033, PWM:0.7, ADC:148, Voltage:0.12V, Resistance:334201.69ohm, LUX:4.87
Millis:59034, PWM:0.7, ADC:148, Voltage:0.12V, Resistance:266756.75ohm, LUX:4.87
Millis:59035, PWM:0.7, ADC:148, Voltage:0.12V, Resistance:255974.03ohm, LUX:5.13
Millis:59036, PWM:0.7, ADC:148, Voltage:0.12V, Resistance:274444.44ohm, LUX:4.91
Millis:59037, PWM:0.7, ADC:149, Voltage:0.11V, Resistance:264899.34ohm, LUX:4.87
Millis:59038, PWM:0.7, ADC:149, Voltage:0.12V, Resistance:266756.75ohm, LUX:4.91
Millis:59039, PWM:0.7, ADC:152, Voltage:0.12V, Resistance:264899.34ohm, LUX:4.87
Millis:59040, PWM:0.7, ADC:148, Voltage:0.12V, Resistance:266756.75ohm, LUX:4.87
Millis:59041, PWM:0.7, ADC:148, Voltage:0.12V, Resistance:266756.75ohm, LUX:4.45
Millis:59042, PWM:0.7, ADC:138, Voltage:0.12V, Resistance:268639.44ohm, LUX:4.91
Millis:59043, PWM:0.7, ADC:148, Voltage:0.12V, Resistance:266756.75ohm, LUX:4.87
Millis:59044, PWM:0.7, ADC:148, Voltage:0.12V, Resistance:284676.28ohm, LUX:4.87
Millis:59045, PWM:0.7, ADC:148, Voltage:0.11V, Resistance:266756.75ohm, LUX:4.91
Millis:59046, PWM:0.7, ADC:152, Voltage:0.10V, Resistance:264899.34ohm, LUX:4.87
Millis:59047, PWM:0.7, ADC:149, Voltage:0.12V, Resistance:266756.75ohm, LUX:4.91
Millis:59048, PWM:0.7, ADC:148, Voltage:0.11V, Resistance:266756.75ohm, LUX:4.83
Millis:59049, PWM:0.7, ADC:149, Voltage:0.12V, Resistance:264899.34ohm, LUX:4.91
Millis:59050, PWM:0.7, ADC:148, Voltage:0.12V, Resistance:255974.03ohm, LUX:4.91
Millis:59051, PWM:0.7, ADC:150, Voltage:0.12V, Resistance:266756.75ohm, LUX:4.87
Millis:59052, PWM:0.7, ADC:148, Voltage:0.12V, Resistance:288978.09ohm, LUX:4.91
Millis:59053, PWM:0.7, ADC:148, Voltage:0.12V, Resistance:264899.34ohm, LUX:4.87
Millis:59054, PWM:0.7, ADC:149, Voltage:0.12V, Resistance:266756.75ohm, LUX:4.91
Millis:59055, PWM:0.7, ADC:149, Voltage:0.12V, Resistance:266756.75ohm, LUX:4.83
Millis:59056, PWM:0.7, ADC:149, Voltage:0.12V, Resistance:263066.66ohm, LUX:4.87
Millis:59057, PWM:0.7, ADC:151, Voltage:0.12V, Resistance:266756.75ohm, LUX:4.91
Millis:59058, PWM:0.7, ADC:145, Voltage:0.12V, Resistance:266756.75ohm, LUX:4.91
Millis:59059, PWM:0.7, ADC:149, Voltage:0.12V, Resistance:263066.66ohm, LUX:4.87
Millis:59060, PWM:0.7, ADC:137, Voltage:0.11V, Resistance:264899.34ohm, LUX:4.91
Millis:59061, PWM:0.7, ADC:147, Voltage:0.12V, Resistance:220112.36ohm, LUX:4.87
Millis:59062, PWM:0.7, ADC:148, Voltage:0.12V, Resistance:263066.66ohm, LUX:4.91
Millis:59063, PWM:0.7, ADC:155, Voltage:0.12V, Resistance:266756.75ohm, LUX:5.13
Millis:59064, PWM:0.7, ADC:149, Voltage:0.12V, Resistance:263066.66ohm, LUX:4.87
Millis:59065, PWM:0.7, ADC:159, Voltage:0.12V, Resistance:266756.75ohm, LUX:4.91
Millis:59066, PWM:0.7, ADC:148, Voltage:0.12V, Resistance:264899.34ohm, LUX:4.87
Millis:59067, PWM:0.7, ADC:149, Voltage:0.12V, Resistance:264899.34ohm, LUX:4.91
Millis:59068, PWM:0.7, ADC:148, Voltage:0.12V, Resistance:266756.75ohm, LUX:4.91
Millis:59069, PWM:0.7, ADC:148, Voltage:0.12V, Resistance:264899.34ohm, LUX:4.95
Millis:59070, PWM:0.7, ADC:148, Voltage:0.12V, Resistance:264899.34ohm, LUX:5.65
Millis:59071, PWM:0.7, ADC:148, Voltage:0.12V, Resistance:171238.94ohm, LUX:5.17
Millis:59072, PWM:0.7, ADC:149, Voltage:0.12V, Resistance:266756.75ohm, LUX:4.87
Millis:59073, PWM:0.7, ADC:148, Voltage:0.12V, Resistance:264899.34ohm, LUX:4.87
Millis:59074, PWM:0.7, ADC:154, Voltage:0.12V, Resistance:266756.75ohm, LUX:4.91
Millis:59075, PWM:0.7, ADC:149, Voltage:0.12V, Resistance:264899.34ohm, LUX:4.87
Millis:59076, PWM:0.7, ADC:148, Voltage:0.12V, Resistance:266756.75ohm, LUX:4.91
Millis:59077, PWM:0.7, ADC:138, Voltage:0.12V, Resistance:266756.75ohm, LUX:4.95
Millis:59078, PWM:0.7, ADC:149, Voltage:0.12V, Resistance:264899.34ohm, LUX:5.26
Millis:59079, PWM:0.7, ADC:148, Voltage:0.12V, Resistance:291176.47ohm, LUX:4.95
Millis:59080, PWM:0.7, ADC:148, Voltage:0.12V, Resistance:266756.75ohm, LUX:4.78
Millis:59081, PWM:0.7, ADC:148, Voltage:0.12V, Resistance:266756.75ohm, LUX:4.87
Millis:59082, PWM:0.7, ADC:148, Voltage:0.12V, Resistance:288978.09ohm, LUX:4.87
Millis:59083, PWM:0.7, ADC:148, Voltage:0.12V, Resistance:264899.34ohm, LUX:4.87
Millis:59084, PWM:0.7, ADC:148, Voltage:0.11V, Resistance:264899.34ohm, LUX:4.91
Millis:59085, PWM:0.7, ADC:148, Voltage:0.12V, Resistance:264899.34ohm, LUX:4.91
Millis:59086, PWM:0.7, ADC:148, Voltage:0.12V, Resistance:264899.34ohm, LUX:5.08
Millis:59087, PWM:0.7, ADC:149, Voltage:0.12V, Resistance:259473.69ohm, LUX:4.91
Millis:59088, PWM:0.7, ADC:148, Voltage:0.12V, Resistance:264899.34ohm, LUX:4.83
Millis:59089, PWM:0.7, ADC:149, Voltage:0.12V, Resistance:255974.03ohm, LUX:4.87
Millis:59090, PWM:0.7, ADC:148, Voltage:0.12V, Resistance:264899.34ohm, LUX:4.87
Millis:59091, PWM:0.7, ADC:148, Voltage:0.12V, Resistance:286811.59ohm, LUX:4.87
Millis:59092, PWM:0.7, ADC:148, Voltage:0.12V, Resistance:286811.59ohm, LUX:4.91
Millis:59093, PWM:0.7, ADC:156, Voltage:0.12V, Resistance:266756.75ohm, LUX:4.91
Millis:59094, PWM:0.7, ADC:148, Voltage:0.12V, Resistance:288978.09ohm, LUX:4.87
Millis:59095, PWM:0.7, ADC:148, Voltage:0.11V, Resistance:266756.75ohm, LUX:5.04
Millis:59096, PWM:0.7, ADC:149, Voltage:0.12V, Resistance:264899.34ohm, LUX:5.17
Millis:59097, PWM:0.7, ADC:148, Voltage:0.12V, Resistance:264899.34ohm, LUX:4.91
Millis:59098, PWM:0.7, ADC:148, Voltage:0.12V, Resistance:266756.75ohm, LUX:5.04
Millis:59099, PWM:0.7, ADC:149, Voltage:0.12V, Resistance:266756.75ohm, LUX:4.45
Millis:59100, PWM:0.7, ADC:148, Voltage:0.10V, Resistance:266756.75ohm, LUX:4.40
Millis:59101, PWM:0.7, ADC:149, Voltage:0.12V, Resistance:266756.75ohm, LUX:4.40
Millis:59102, PWM:0.7, ADC:142, Voltage:0.12V, Resistance:264899.34ohm, LUX:4.91
Millis:59103, PWM:0.7, ADC:148, Voltage:0.12V, Resistance:286811.59ohm, LUX:4.91
Millis:59104, PWM:0.7, ADC:149, Voltage:0.12V, Resistance:264899.34ohm, LUX:4.87
Millis:59106, PWM:0.7, ADC:147, Voltage:0.12V, Resistance:264899.34ohm, LUX:4.91
Millis:59107, PWM:0.7, ADC:153, Voltage:0.12V, Resistance:266756.75ohm, LUX:4.87
Millis:59108, PWM:0.7, ADC:148, Voltage:0.12V, Resistance:266756.75ohm, LUX:4.45
Millis:59109, PWM:0.7, ADC:148, Voltage:0.12V, Resistance:266756.75ohm, LUX:5.04
Millis:59110, PWM:0.7, ADC:148, Voltage:0.12V, Resistance:266756.75ohm, LUX:4.83
Millis:59111, PWM:0.7, ADC:149, Voltage:0.11V, Resistance:266756.75ohm, LUX:4.87
Millis:59112, PWM:0.7, ADC:148, Voltage:0.12V, Resistance:264899.34ohm, LUX:4.40
Millis:59113, PWM:0.7, ADC:149, Voltage:0.12V, Resistance:259473.69ohm, LUX:4.83
Millis:59114, PWM:0.7, ADC:149, Voltage:0.12V, Resistance:264899.34ohm, LUX:4.87
Millis:59115, PWM:0.7, ADC:148, Voltage:0.11V, Resistance:264899.34ohm, LUX:4.83
Millis:59116, PWM:0.7, ADC:149, Voltage:0.12V, Resistance:264899.34ohm, LUX:4.87
Millis:59117, PWM:0.7, ADC:147, Voltage:0.12V, Resistance:264899.34ohm, LUX:4.95
Millis:59118, PWM:0.7, ADC:148, Voltage:0.11V, Resistance:264899.34ohm, LUX:4.91
Millis:59119, PWM:0.7, ADC:149, Voltage:0.12V, Resistance:266756.75ohm, LUX:4.87
Millis:59120, PWM:0.7, ADC:148, Voltage:0.12V, Resistance:264899.34ohm, LUX:4.95
Millis:59121, PWM:0.7, ADC:149, Voltage:0.12V, Resistance:266756.75ohm, LUX:5.13
Millis:59122, PWM:0.7, ADC:149, Voltage:0.12V, Resistance:266756.75ohm, LUX:4.91
Millis:59123, PWM:0.7, ADC:148, Voltage:0.11V, Resistance:266756.75ohm, LUX:4.87
Millis:59124, PWM:0.7, ADC:148, Voltage:0.12V, Resistance:288978.09ohm, LUX:4.74
Millis:59125, PWM:0.7, ADC:149, Voltage:0.12V, Resistance:264899.34ohm, LUX:4.45
Millis:59126, PWM:0.7, ADC:149, Voltage:0.12V, Resistance:266756.75ohm, LUX:4.87
Millis:59127, PWM:0.7, ADC:149, Voltage:0.12V, Resistance:264899.34ohm, LUX:5.04
Millis:59128, PWM:0.7, ADC:148, Voltage:0.12V, Resistance:266756.75ohm, LUX:4.87
Millis:59129, PWM:0.7, ADC:149, Voltage:0.12V, Resistance:266756.75ohm, LUX:4.87
Millis:59130, PWM:0.7, ADC:150, Voltage:0.12V, Resistance:266756.75ohm, LUX:4.40
Millis:59131, PWM:0.7, ADC:147, Voltage:0.12V, Resistance:264899.34ohm, LUX:4.91
Millis:59132, PWM:0.7, ADC:150, Voltage:0.12V, Resistance:259473.69ohm, LUX:4.87
Millis:59133, PWM:0.7, ADC:149, Voltage:0.12V, Resistance:264899.34ohm, LUX:4.91
Millis:59134, PWM:0.7, ADC:149, Voltage:0.12V, Resistance:266756.75ohm, LUX:4.91
Millis:59135, PWM:0.7, ADC:137, Voltage:0.12V, Resistance:264899.34ohm, LUX:4.87
Millis:59136, PWM:0.7, ADC:147, Voltage:0.12V, Resistance:264899.34ohm, LUX:4.87
Millis:59137, PWM:0.7, ADC:128, Voltage:0.12V, Resistance:264899.34ohm, LUX:4.95
Millis:59138, PWM:0.7, ADC:144, Voltage:0.12V, Resistance:264899.34ohm, LUX:4.87
Millis:59139, PWM:0.7, ADC:154, Voltage:0.12V, Resistance:264899.34ohm, LUX:4.91
Millis:59140, PWM:0.7, ADC:149, Voltage:0.12V, Resistance:268639.44ohm, LUX:4.87
Millis:59141, PWM:0.7, ADC:149, Voltage:0.12V, Resistance:264899.34ohm, LUX:4.91
Millis:59142, PWM:0.7, ADC:149, Voltage:0.12V, Resistance:264899.34ohm, LUX:4.45
Millis:59143, PWM:0.7, ADC:149, Voltage:0.12V, Resistance:261258.28ohm, LUX:4.91
Millis:59144, PWM:0.7, ADC:262, Voltage:0.12V, Resistance:264899.34ohm, LUX:4.91
Millis:59145, PWM:0.7, ADC:152, Voltage:0.12V, Resistance:264899.34ohm, LUX:4.87
Millis:59146, PWM:0.7, ADC:149, Voltage:0.12V, Resistance:266756.75ohm, LUX:4.91
Millis:59147, PWM:0.7, ADC:148, Voltage:0.12V, Resistance:254258.06ohm, LUX:4.91
Millis:59148, PWM:0.7, ADC:149, Voltage:0.12V, Resistance:286811.59ohm, LUX:4.87
Millis:59149, PWM:0.7, ADC:148, Voltage:0.12V, Resistance:266756.75ohm, LUX:4.91
Millis:59150, PWM:0.7, ADC:149, Voltage:0.12V, Resistance:257712.42ohm, LUX:5.13
Millis:59151, PWM:0.7, ADC:149, Voltage:0.14V, Resistance:264899.34ohm, LUX:4.87
Millis:59152, PWM:0.7, ADC:149, Voltage:0.14V, Resistance:264899.34ohm, LUX:4.87
Millis:59153, PWM:0.7, ADC:149, Voltage:0.12V, Resistance:259473.69ohm, LUX:4.91
Millis:59154, PWM:0.7, ADC:152, Voltage:0.12V, Resistance:266756.75ohm, LUX:4.87
Millis:59155, PWM:0.7, ADC:149, Voltage:0.12V, Resistance:264899.34ohm, LUX:4.91
Millis:59156, PWM:0.7, ADC:148, Voltage:0.12V, Resistance:274444.44ohm, LUX:4.53
Millis:59157, PWM:0.7, ADC:148, Voltage:0.12V, Resistance:254258.06ohm, LUX:4.91
Millis:59158, PWM:0.7, ADC:152, Voltage:0.12V, Resistance:263066.66ohm, LUX:4.91
Millis:59159, PWM:0.7, ADC:149, Voltage:0.12V, Resistance:264899.34ohm, LUX:4.95
Millis:59160, PWM:0.7, ADC:149, Voltage:0.12V, Resistance:264899.34ohm, LUX:4.91
Millis:59161, PWM:0.7, ADC:148, Voltage:0.12V, Resistance:259473.69ohm, LUX:4.91
Millis:59162, PWM:0.7, ADC:149, Voltage:0.12V, Resistance:266756.75ohm, LUX:4.49
Millis:59163, PWM:0.7, ADC:148, Voltage:0.12V, Resistance:264899.34ohm, LUX:4.91
Millis:59164, PWM:0.7, ADC:148, Voltage:0.12V, Resistance:288978.09ohm, LUX:4.95
Millis:59165, PWM:0.7, ADC:149, Voltage:0.12V, Resistance:266756.75ohm, LUX:4.83
Millis:59166, PWM:0.7, ADC:149, Voltage:0.12V, Resistance:264899.34ohm, LUX:4.91
Millis:59167, PWM:0.7, ADC:140, Voltage:0.12V, Resistance:264899.34ohm, LUX:4.91
Millis:59168, PWM:0.7, ADC:148, Voltage:0.12V, Resistance:266756.75ohm, LUX:4.28
Millis:59169, PWM:0.7, ADC:149, Voltage:0.12V, Resistance:266756.75ohm, LUX:4.83
Millis:59170, PWM:0.7, ADC:149, Voltage:0.11V, Resistance:264899.34ohm, LUX:4.49
Millis:59171, PWM:0.7, ADC:148, Voltage:0.11V, Resistance:266756.75ohm, LUX:4.95
Millis:59172, PWM:0.7, ADC:148, Voltage:0.12V, Resistance:266756.75ohm, LUX:4.91
Millis:59173, PWM:0.7, ADC:146, Voltage:0.12V, Resistance:264899.34ohm, LUX:4.91
Millis:59174, PWM:0.7, ADC:149, Voltage:0.12V, Resistance:261258.28ohm, LUX:4.91
Millis:59175, PWM:0.7, ADC:148, Voltage:0.12V, Resistance:266756.75ohm, LUX:4.91
Millis:59176, PWM:0.7, ADC:149, Voltage:0.12V, Resistance:264899.34ohm, LUX:4.91
Millis:59177, PWM:0.7, ADC:149, Voltage:0.12V, Resistance:266756.75ohm, LUX:4.91
Millis:59178, PWM:0.7, ADC:148, Voltage:0.12V, Resistance:266756.75ohm, LUX:4.95
Millis:59179, PWM:0.7, ADC:150, Voltage:0.11V, Resistance:266756.75ohm, LUX:4.87
Millis:59180, PWM:0.7, ADC:148, Voltage:0.11V, Resistance:264899.34ohm, LUX:4.87
Millis:59181, PWM:0.7, ADC:149, Voltage:0.12V, Resistance:266756.75ohm, LUX:4.95
Millis:59182, PWM:0.7, ADC:148, Voltage:0.12V, Resistance:264899.34ohm, LUX:4.03
Millis:59183, PWM:0.7, ADC:149, Voltage:0.12V, Resistance:254258.06ohm, LUX:5.04
Millis:59184, PWM:0.7, ADC:148, Voltage:0.12V, Resistance:268639.44ohm, LUX:5.13
Millis:59185, PWM:0.7, ADC:148, Voltage:0.12V, Resistance:334201.69ohm, LUX:4.91
Millis:59186, PWM:0.7, ADC:148, Voltage:0.12V, Resistance:264899.34ohm, LUX:4.87
Millis:59187, PWM:0.7, ADC:145, Voltage:0.12V, Resistance:264899.34ohm, LUX:4.83
Millis:59188, PWM:0.7, ADC:149, Voltage:0.12V, Resistance:266756.75ohm, LUX:4.91
Millis:59189, PWM:0.7, ADC:148, Voltage:0.12V, Resistance:266756.75ohm, LUX:4.87
Millis:59190, PWM:0.7, ADC:148, Voltage:0.11V, Resistance:266756.75ohm, LUX:4.87
Millis:59191, PWM:0.7, ADC:149, Voltage:0.12V, Resistance:266756.75ohm, LUX:4.91
Millis:59192, PWM:0.7, ADC:149, Voltage:0.12V, Resistance:266756.75ohm, LUX:4.45
Millis:59193, PWM:0.7, ADC:152, Voltage:0.12V, Resistance:297969.94ohm, LUX:4.87
Millis:59194, PWM:0.7, ADC:162, Voltage:0.12V, Resistance:266756.75ohm, LUX:4.91
Millis:59195, PWM:0.7, ADC:148, Voltage:0.12V, Resistance:268639.44ohm, LUX:4.91
Millis:59196, PWM:0.7, ADC:149, Voltage:0.12V, Resistance:264899.34ohm, LUX:4.87
Millis:59197, PWM:0.7, ADC:149, Voltage:0.12V, Resistance:266756.75ohm, LUX:4.87
Millis:59198, PWM:0.7, ADC:149, Voltage:0.12V, Resistance:255974.03ohm, LUX:4.87
Millis:59199, PWM:0.7, ADC:149, Voltage:0.12V, Resistance:264899.34ohm, LUX:4.91
Millis:59200, PWM:0.7, ADC:148, Voltage:0.12V, Resistance:266756.75ohm, LUX:4.91
Millis:59201, PWM:0.7, ADC:153, Voltage:0.12V, Resistance:266756.75ohm, LUX:4.91
Millis:59202, PWM:0.7, ADC:149, Voltage:0.12V, Resistance:286811.59ohm, LUX:5.17
Millis:59203, PWM:0.7, ADC:148, Voltage:0.12V, Resistance:255974.03ohm, LUX:4.87
Millis:59204, PWM:0.7, ADC:149, Voltage:0.12V, Resistance:264899.34ohm, LUX:4.87
Millis:59205, PWM:0.7, ADC:149, Voltage:0.12V, Resistance:264899.34ohm, LUX:4.87
Millis:59206, PWM:0.7, ADC:160, Voltage:0.12V, Resistance:264899.34ohm, LUX:5.61
Millis:59207, PWM:0.7, ADC:149, Voltage:0.12V, Resistance:264899.34ohm, LUX:4.87
Millis:59208, PWM:0.7, ADC:148, Voltage:0.12V, Resistance:266756.75ohm, LUX:4.87
Millis:59209, PWM:0.7, ADC:149, Voltage:0.12V, Resistance:266756.75ohm, LUX:4.91
Millis:59210, PWM:0.7, ADC:149, Voltage:0.12V, Resistance:264899.34ohm, LUX:4.91
Millis:59211, PWM:0.7, ADC:149, Voltage:0.11V, Resistance:266756.75ohm, LUX:4.91
Millis:59212, PWM:0.7, ADC:149, Voltage:0.11V, Resistance:266756.75ohm, LUX:4.45
Millis:59213, PWM:0.7, ADC:147, Voltage:0.11V, Resistance:264899.34ohm, LUX:4.91
Millis:59214, PWM:0.7, ADC:149, Voltage:0.12V, Resistance:282571.44ohm, LUX:4.91
Millis:59215, PWM:0.7, ADC:149, Voltage:0.12V, Resistance:266756.75ohm, LUX:4.40
Millis:59216, PWM:0.7, ADC:149, Voltage:0.12V, Resistance:266756.75ohm, LUX:5.13
Millis:59217, PWM:0.7, ADC:150, Voltage:0.12V, Resistance:264899.34ohm, LUX:5.13
Millis:59218, PWM:0.7, ADC:149, Voltage:0.12V, Resistance:288978.09ohm, LUX:4.91
Millis:59219, PWM:0.7, ADC:149, Voltage:0.12V, Resistance:266756.75ohm, LUX:5.04
Millis:59220, PWM:0.7, ADC:149, Voltage:0.12V, Resistance:288978.09ohm, LUX:5.13
Millis:59221, PWM:0.7, ADC:168, Voltage:0.12V, Resistance:266756.75ohm, LUX:4.87
Millis:59222, PWM:0.7, ADC:136, Voltage:0.12V, Resistance:266756.75ohm, LUX:4.87
Millis:59223, PWM:0.7, ADC:149, Voltage:0.12V, Resistance:266756.75ohm, LUX:4.87
Millis:59224, PWM:0.7, ADC:149, Voltage:0.12V, Resistance:264899.34ohm, LUX:5.21
Millis:59225, PWM:0.7, ADC:137, Voltage:0.12V, Resistance:266756.75ohm, LUX:4.91
Millis:59226, PWM:0.7, ADC:148, Voltage:0.12V, Resistance:268639.44ohm, LUX:4.87
Millis:59227, PWM:0.7, ADC:148, Voltage:0.12V, Resistance:266756.75ohm, LUX:4.91
Millis:59228, PWM:0.7, ADC:147, Voltage:0.12V, Resistance:288978.09ohm, LUX:4.91
Millis:59229, PWM:0.7, ADC:149, Voltage:0.11V, Resistance:266756.75ohm, LUX:4.87
Millis:59230, PWM:0.7, ADC:148, Voltage:0.12V, Resistance:266756.75ohm, LUX:4.87
Millis:59231, PWM:0.7, ADC:149, Voltage:0.12V, Resistance:264899.34ohm, LUX:4.91
Millis:59232, PWM:0.7, ADC:149, Voltage:0.12V, Resistance:266756.75ohm, LUX:4.91
Millis:59233, PWM:0.7, ADC:148, Voltage:0.12V, Resistance:266756.75ohm, LUX:4.91
Millis:59234, PWM:0.7, ADC:149, Voltage:0.12V, Resistance:266756.75ohm, LUX:4.91
Millis:59235, PWM:0.7, ADC:149, Voltage:0.12V, Resistance:264899.34ohm, LUX:4.91
Millis:59236, PWM:0.7, ADC:148, Voltage:0.12V, Resistance:266756.75ohm, LUX:5.13
Millis:59237, PWM:0.7, ADC:148, Voltage:0.12V, Resistance:286811.59ohm, LUX:4.91
Millis:59238, PWM:0.7, ADC:149, Voltage:0.12V, Resistance:286811.59ohm, LUX:5.04
Millis:59239, PWM:0.7, ADC:149, Voltage:0.13V, Resistance:263066.66ohm, LUX:4.91
Millis:59240, PWM:0.7, ADC:149, Voltage:0.12V, Resistance:264899.34ohm, LUX:4.87
Millis:59241, PWM:0.7, ADC:149, Voltage:0.12V, Resistance:264899.34ohm, LUX:4.91
Millis:59242, PWM:0.7, ADC:150, Voltage:0.12V, Resistance:264899.34ohm, LUX:4.91
Millis:59243, PWM:0.7, ADC:149, Voltage:0.12V, Resistance:264899.34ohm, LUX:4.87
Millis:59244, PWM:0.7, ADC:148, Voltage:0.12V, Resistance:264899.34ohm, LUX:4.87
Millis:59245, PWM:0.7, ADC:148, Voltage:0.12V, Resistance:266756.75ohm, LUX:4.91
Millis:59246, PWM:0.7, ADC:148, Voltage:0.12V, Resistance:264899.34ohm, LUX:4.87
Millis:59247, PWM:0.7, ADC:148, Voltage:0.12V, Resistance:266756.75ohm, LUX:4.87
Millis:59248, PWM:0.7, ADC:148, Voltage:0.12V, Resistance:264899.34ohm, LUX:4.87
Millis:59249, PWM:0.7, ADC:150, Voltage:0.12V, Resistance:264899.34ohm, LUX:4.87
Millis:59250, PWM:0.7, ADC:149, Voltage:0.12V, Resistance:266756.75ohm, LUX:4.87
Millis:59251, PWM:0.7, ADC:149, Voltage:0.12V, Resistance:291176.47ohm, LUX:4.87
Millis:59252, PWM:0.7, ADC:155, Voltage:0.12V, Resistance:264899.34ohm, LUX:4.87
Millis:59253, PWM:0.7, ADC:148, Voltage:0.11V, Resistance:266756.75ohm, LUX:4.87
Millis:59254, PWM:0.7, ADC:149, Voltage:0.12V, Resistance:266756.75ohm, LUX:4.87
Millis:59255, PWM:0.7, ADC:149, Voltage:0.13V, Resistance:266756.75ohm, LUX:4.91
Millis:59256, PWM:0.7, ADC:148, Voltage:0.12V, Resistance:259473.69ohm, LUX:4.91
Millis:59257, PWM:0.7, ADC:149, Voltage:0.12V, Resistance:263066.66ohm, LUX:4.87
Millis:59258, PWM:0.7, ADC:149, Voltage:0.12V, Resistance:266756.75ohm, LUX:4.83
Millis:59259, PWM:0.7, ADC:149, Voltage:0.12V, Resistance:264899.34ohm, LUX:4.91
Millis:59260, PWM:0.7, ADC:148, Voltage:0.12V, Resistance:255974.03ohm, LUX:4.91
Millis:59261, PWM:0.7, ADC:149, Voltage:0.12V, Resistance:266756.75ohm, LUX:4.91
Millis:59262, PWM:0.7, ADC:155, Voltage:0.12V, Resistance:266756.75ohm, LUX:4.91
Millis:59263, PWM:0.7, ADC:150, Voltage:0.11V, Resistance:266756.75ohm, LUX:4.87
Millis:59264, PWM:0.7, ADC:149, Voltage:0.11V, Resistance:266756.75ohm, LUX:4.91
Millis:59265, PWM:0.7, ADC:148, Voltage:0.12V, Resistance:268639.44ohm, LUX:5.17
Millis:59266, PWM:0.7, ADC:155, Voltage:0.12V, Resistance:264899.34ohm, LUX:4.87
Millis:59267, PWM:0.7, ADC:129, Voltage:0.12V, Resistance:268639.44ohm, LUX:4.91
Millis:59268, PWM:0.7, ADC:149, Voltage:0.11V, Resistance:264899.34ohm, LUX:4.87
Millis:59269, PWM:0.7, ADC:150, Voltage:0.12V, Resistance:264899.34ohm, LUX:4.87
Millis:59270, PWM:0.7, ADC:148, Voltage:0.12V, Resistance:264899.34ohm, LUX:4.91
Millis:59271, PWM:0.7, ADC:144, Voltage:0.12V, Resistance:264899.34ohm, LUX:4.91
Millis:59272, PWM:0.7, ADC:148, Voltage:0.12V, Resistance:255974.03ohm, LUX:4.49
Millis:59273, PWM:0.7, ADC:148, Voltage:0.12V, Resistance:266756.75ohm, LUX:4.91
Millis:59274, PWM:0.7, ADC:149, Voltage:0.12V, Resistance:264899.34ohm, LUX:4.87
Millis:59275, PWM:0.7, ADC:148, Voltage:0.12V, Resistance:264899.34ohm, LUX:4.87
Millis:59276, PWM:0.7, ADC:152, Voltage:0.12V, Resistance:266756.75ohm, LUX:4.87
Millis:59277, PWM:0.7, ADC:150, Voltage:0.12V, Resistance:264899.34ohm, LUX:4.91
Millis:59278, PWM:0.7, ADC:148, Voltage:0.12V, Resistance:272482.75ohm, LUX:4.91
Millis:59279, PWM:0.7, ADC:147, Voltage:0.12V, Resistance:264899.34ohm, LUX:4.91
Millis:59280, PWM:0.7, ADC:140, Voltage:0.12V, Resistance:264899.34ohm, LUX:4.40
Millis:59281, PWM:0.7, ADC:149, Voltage:0.12V, Resistance:264899.34ohm, LUX:4.91
Millis:59282, PWM:0.7, ADC:148, Voltage:0.12V, Resistance:266756.75ohm, LUX:4.91
Millis:59283, PWM:0.7, ADC:149, Voltage:0.12V, Resistance:259473.69ohm, LUX:5.08
Millis:59284, PWM:0.7, ADC:149, Voltage:0.12V, Resistance:266756.75ohm, LUX:4.87
Millis:59285, PWM:0.7, ADC:149, Voltage:0.12V, Resistance:264899.34ohm, LUX:4.91
Millis:59286, PWM:0.7, ADC:141, Voltage:0.12V, Resistance:266756.75ohm, LUX:4.87
Millis:59287, PWM:0.7, ADC:149, Voltage:0.12V, Resistance:228139.53ohm, LUX:4.91
Millis:59288, PWM:0.7, ADC:149, Voltage:0.11V, Resistance:266756.75ohm, LUX:4.91
Millis:59289, PWM:0.7, ADC:148, Voltage:0.12V, Resistance:264899.34ohm, LUX:4.87
Millis:59290, PWM:0.7, ADC:149, Voltage:0.12V, Resistance:264899.34ohm, LUX:4.87
Millis:59291, PWM:0.7, ADC:168, Voltage:0.12V, Resistance:266756.75ohm, LUX:4.87
Millis:59292, PWM:0.7, ADC:154, Voltage:0.12V, Resistance:266756.75ohm, LUX:4.87
Millis:59293, PWM:0.7, ADC:165, Voltage:0.12V, Resistance:264899.34ohm, LUX:4.91
Millis:59294, PWM:0.7, ADC:149, Voltage:0.12V, Resistance:288978.09ohm, LUX:4.87
Millis:59295, PWM:0.7, ADC:149, Voltage:0.12V, Resistance:264899.34ohm, LUX:4.91
Millis:59296, PWM:0.7, ADC:137, Voltage:0.12V, Resistance:266756.75ohm, LUX:4.91
Millis:59297, PWM:0.7, ADC:149, Voltage:0.12V, Resistance:266756.75ohm, LUX:4.91
Millis:59298, PWM:0.7, ADC:148, Voltage:0.12V, Resistance:264899.34ohm, LUX:5.13
Millis:59299, PWM:0.7, ADC:149, Voltage:0.12V, Resistance:254258.06ohm, LUX:4.87
Millis:59300, PWM:0.7, ADC:153, Voltage:0.12V, Resistance:264899.34ohm, LUX:5.13
Millis:59301, PWM:0.7, ADC:147, Voltage:0.12V, Resistance:264899.34ohm, LUX:4.91
Millis:59302, PWM:0.7, ADC:149, Voltage:0.12V, Resistance:266756.75ohm, LUX:5.04
Millis:59303, PWM:0.7, ADC:148, Voltage:0.12V, Resistance:257712.42ohm, LUX:4.91
Millis:59304, PWM:0.7, ADC:134, Voltage:0.12V, Resistance:266756.75ohm, LUX:4.87
Millis:59305, PWM:0.7, ADC:152, Voltage:0.12V, Resistance:266756.75ohm, LUX:4.91
Millis:59306, PWM:0.7, ADC:149, Voltage:0.11V, Resistance:264899.34ohm, LUX:4.91
Millis:59307, PWM:0.7, ADC:147, Voltage:0.12V, Resistance:264899.34ohm, LUX:4.95
Millis:59308, PWM:0.7, ADC:149, Voltage:0.12V, Resistance:286811.59ohm, LUX:4.91
Millis:59309, PWM:0.7, ADC:149, Voltage:0.12V, Resistance:264899.34ohm, LUX:4.91
Millis:59310, PWM:0.7, ADC:138, Voltage:0.12V, Resistance:266756.75ohm, LUX:4.87
Millis:59311, PWM:0.7, ADC:137, Voltage:0.12V, Resistance:264899.34ohm, LUX:4.91
Millis:59312, PWM:0.7, ADC:149, Voltage:0.12V, Resistance:264899.34ohm, LUX:4.91
Millis:59313, PWM:0.7, ADC:149, Voltage:0.12V, Resistance:255974.03ohm, LUX:4.91
Millis:59315, PWM:0.7, ADC:149, Voltage:0.12V, Resistance:264899.34ohm, LUX:4.91
Millis:59316, PWM:0.7, ADC:148, Voltage:0.12V, Resistance:266756.75ohm, LUX:4.45
Millis:59316, PWM:0.7, ADC:149, Voltage:0.12V, Resistance:266756.75ohm, LUX:4.87
Millis:59318, PWM:0.7, ADC:149, Voltage:0.12V, Resistance:264899.34ohm, LUX:4.87
Millis:59319, PWM:0.7, ADC:149, Voltage:0.11V, Resistance:264899.34ohm, LUX:4.91
Millis:59320, PWM:0.7, ADC:149, Voltage:0.12V, Resistance:268639.44ohm, LUX:4.87
Millis:59321, PWM:0.7, ADC:149, Voltage:0.12V, Resistance:264899.34ohm, LUX:4.91
Millis:59322, PWM:0.7, ADC:149, Voltage:0.12V, Resistance:264899.34ohm, LUX:4.87
Millis:59323, PWM:0.7, ADC:148, Voltage:0.12V, Resistance:266756.75ohm, LUX:4.91
Millis:59324, PWM:0.7, ADC:154, Voltage:0.12V, Resistance:266756.75ohm, LUX:4.87
Millis:59325, PWM:0.7, ADC:149, Voltage:0.12V, Resistance:286811.59ohm, LUX:4.91
Millis:59326, PWM:0.7, ADC:149, Voltage:0.12V, Resistance:264899.34ohm, LUX:5.04
Millis:59327, PWM:0.7, ADC:149, Voltage:0.12V, Resistance:259473.69ohm, LUX:5.04
Millis:59328, PWM:0.7, ADC:145, Voltage:0.12V, Resistance:264899.34ohm, LUX:4.87
Millis:59329, PWM:0.7, ADC:149, Voltage:0.12V, Resistance:280496.47ohm, LUX:4.87
Millis:59330, PWM:0.7, ADC:148, Voltage:0.12V, Resistance:264899.34ohm, LUX:4.87
Millis:59331, PWM:0.7, ADC:148, Voltage:0.12V, Resistance:266756.75ohm, LUX:4.87
Millis:59332, PWM:0.7, ADC:148, Voltage:0.12V, Resistance:264899.34ohm, LUX:4.91
Millis:59333, PWM:0.7, ADC:138, Voltage:0.14V, Resistance:266756.75ohm, LUX:4.91
Millis:59334, PWM:0.7, ADC:149, Voltage:0.12V, Resistance:257712.42ohm, LUX:4.91
Millis:59335, PWM:0.7, ADC:137, Voltage:0.12V, Resistance:264899.34ohm, LUX:4.91
Millis:59336, PWM:0.7, ADC:149, Voltage:0.12V, Resistance:257712.42ohm, LUX:4.87
Millis:59337, PWM:0.7, ADC:148, Voltage:0.12V, Resistance:264899.34ohm, LUX:4.91
Millis:59338, PWM:0.7, ADC:148, Voltage:0.12V, Resistance:230941.19ohm, LUX:4.91
Millis:59339, PWM:0.7, ADC:153, Voltage:0.12V, Resistance:266756.75ohm, LUX:4.87
Millis:59340, PWM:0.7, ADC:138, Voltage:0.12V, Resistance:264899.34ohm, LUX:4.91
Millis:59341, PWM:0.7, ADC:149, Voltage:0.12V, Resistance:264899.34ohm, LUX:4.87
Millis:59342, PWM:0.7, ADC:152, Voltage:0.12V, Resistance:264899.34ohm, LUX:5.17
Millis:59343, PWM:0.7, ADC:142, Voltage:0.12V, Resistance:266756.75ohm, LUX:4.91
Millis:59344, PWM:0.7, ADC:148, Voltage:0.12V, Resistance:263066.66ohm, LUX:4.87
Millis:59345, PWM:0.7, ADC:140, Voltage:0.12V, Resistance:266756.75ohm, LUX:4.91
Millis:59346, PWM:0.7, ADC:149, Voltage:0.12V, Resistance:264899.34ohm, LUX:4.91
Millis:59347, PWM:0.7, ADC:154, Voltage:0.12V, Resistance:266756.75ohm, LUX:5.74
Millis:59348, PWM:0.7, ADC:149, Voltage:0.12V, Resistance:266756.75ohm, LUX:4.91
Millis:59349, PWM:0.7, ADC:154, Voltage:0.12V, Resistance:264899.34ohm, LUX:4.87
Millis:59350, PWM:0.7, ADC:149, Voltage:0.12V, Resistance:264899.34ohm, LUX:4.91
Millis:59351, PWM:0.7, ADC:148, Voltage:0.12V, Resistance:255974.03ohm, LUX:4.87
Millis:59352, PWM:0.7, ADC:155, Voltage:0.12V, Resistance:264899.34ohm, LUX:4.87
Millis:59353, PWM:0.7, ADC:171, Voltage:0.12V, Resistance:263066.66ohm, LUX:4.91
Millis:59354, PWM:0.7, ADC:148, Voltage:0.12V, Resistance:266756.75ohm, LUX:4.91
Millis:59355, PWM:0.7, ADC:147, Voltage:0.12V, Resistance:266756.75ohm, LUX:5.04
Millis:59356, PWM:0.7, ADC:149, Voltage:0.12V, Resistance:288978.09ohm, LUX:5.04
Millis:59357, PWM:0.7, ADC:149, Voltage:0.12V, Resistance:266756.75ohm, LUX:4.91
Millis:59358, PWM:0.7, ADC:155, Voltage:0.12V, Resistance:263066.66ohm, LUX:4.87
Millis:59359, PWM:0.7, ADC:149, Voltage:0.12V, Resistance:282571.44ohm, LUX:4.87
Millis:59360, PWM:0.7, ADC:148, Voltage:0.11V, Resistance:266756.75ohm, LUX:4.95
Millis:59361, PWM:0.7, ADC:149, Voltage:0.12V, Resistance:266756.75ohm, LUX:4.87
Millis:59362, PWM:0.7, ADC:167, Voltage:0.12V, Resistance:264899.34ohm, LUX:4.91
Millis:59363, PWM:0.7, ADC:149, Voltage:0.12V, Resistance:264899.34ohm, LUX:6.10
Millis:59364, PWM:0.7, ADC:148, Voltage:0.12V, Resistance:266756.75ohm, LUX:4.87
Millis:59365, PWM:0.7, ADC:149, Voltage:0.12V, Resistance:266756.75ohm, LUX:4.95
Millis:59366, PWM:0.7, ADC:152, Voltage:0.12V, Resistance:266756.75ohm, LUX:4.91
Millis:59367, PWM:0.7, ADC:149, Voltage:0.12V, Resistance:264899.34ohm, LUX:4.87
Millis:59368, PWM:0.7, ADC:149, Voltage:0.12V, Resistance:264899.34ohm, LUX:5.04
Millis:59369, PWM:0.7, ADC:134, Voltage:0.12V, Resistance:264899.34ohm, LUX:4.91
Millis:59370, PWM:0.7, ADC:148, Voltage:0.11V, Resistance:264899.34ohm, LUX:4.91
Millis:59371, PWM:0.7, ADC:148, Voltage:0.12V, Resistance:266756.75ohm, LUX:4.87
Millis:59372, PWM:0.7, ADC:138, Voltage:0.12V, Resistance:264899.34ohm, LUX:4.87
Millis:59373, PWM:0.7, ADC:149, Voltage:0.12V, Resistance:257712.42ohm, LUX:4.83
Millis:59374, PWM:0.7, ADC:148, Voltage:0.12V, Resistance:264899.34ohm, LUX:4.95
Millis:59375, PWM:0.7, ADC:148, Voltage:0.11V, Resistance:264899.34ohm, LUX:4.87
Millis:59376, PWM:0.7, ADC:144, Voltage:0.12V, Resistance:264899.34ohm, LUX:4.91
Millis:59377, PWM:0.7, ADC:149, Voltage:0.12V, Resistance:263066.66ohm, LUX:4.70
Millis:59378, PWM:0.7, ADC:148, Voltage:0.12V, Resistance:266756.75ohm, LUX:4.36
Millis:59379, PWM:0.7, ADC:149, Voltage:0.12V, Resistance:266756.75ohm, LUX:4.87
Millis:59380, PWM:0.7, ADC:149, Voltage:0.12V, Resistance:264899.34ohm, LUX:4.40
Millis:59381, PWM:0.7, ADC:149, Voltage:0.12V, Resistance:266756.75ohm, LUX:4.91
Millis:59382, PWM:0.7, ADC:148, Voltage:0.12V, Resistance:266756.75ohm, LUX:4.87
Millis:59383, PWM:0.7, ADC:154, Voltage:0.12V, Resistance:264899.34ohm, LUX:4.87
Millis:59384, PWM:0.7, ADC:148, Voltage:0.12V, Resistance:264899.34ohm, LUX:4.91
Millis:59385, PWM:0.7, ADC:148, Voltage:0.12V, Resistance:264899.34ohm, LUX:4.95
Millis:59386, PWM:0.7, ADC:148, Voltage:0.12V, Resistance:257712.42ohm, LUX:4.91
Millis:59387, PWM:0.7, ADC:149, Voltage:0.12V, Resistance:264899.34ohm, LUX:4.87
Millis:59388, PWM:0.7, ADC:148, Voltage:0.12V, Resistance:261258.28ohm, LUX:5.13
Millis:59389, PWM:0.7, ADC:153, Voltage:0.12V, Resistance:264899.34ohm, LUX:4.91
Millis:59390, PWM:0.7, ADC:157, Voltage:0.13V, Resistance:264899.34ohm, LUX:4.91
Millis:59391, PWM:0.7, ADC:148, Voltage:0.12V, Resistance:264899.34ohm, LUX:4.91
Millis:59392, PWM:0.7, ADC:155, Voltage:0.12V, Resistance:266756.75ohm, LUX:4.87
Millis:59393, PWM:0.7, ADC:149, Voltage:0.12V, Resistance:288978.09ohm, LUX:4.91
Millis:59394, PWM:0.7, ADC:149, Voltage:0.12V, Resistance:257712.42ohm, LUX:4.91
Millis:59395, PWM:0.7, ADC:149, Voltage:0.12V, Resistance:266756.75ohm, LUX:5.13
Millis:59396, PWM:0.7, ADC:149, Voltage:0.11V, Resistance:257712.42ohm, LUX:5.04
Millis:59397, PWM:0.7, ADC:137, Voltage:0.12V, Resistance:266756.75ohm, LUX:4.91
Millis:59398, PWM:0.7, ADC:149, Voltage:0.12V, Resistance:257712.42ohm, LUX:4.91
Millis:59399, PWM:0.7, ADC:149, Voltage:0.12V, Resistance:264899.34ohm, LUX:4.87
Millis:59400, PWM:0.7, ADC:148, Voltage:0.12V, Resistance:288978.09ohm, LUX:4.91
Millis:59401, PWM:0.7, ADC:148, Voltage:0.12V, Resistance:261258.28ohm, LUX:4.91
Millis:59402, PWM:0.7, ADC:148, Voltage:0.12V, Resistance:264899.34ohm, LUX:4.74
Millis:59403, PWM:0.7, ADC:149, Voltage:0.12V, Resistance:263066.66ohm, LUX:5.08
Millis:59404, PWM:0.7, ADC:148, Voltage:0.12V, Resistance:264899.34ohm, LUX:4.91
Millis:59405, PWM:0.7, ADC:153, Voltage:0.12V, Resistance:264899.34ohm, LUX:4.91
Millis:59406, PWM:0.7, ADC:148, Voltage:0.12V, Resistance:266756.75ohm, LUX:4.91
Millis:59407, PWM:0.7, ADC:149, Voltage:0.12V, Resistance:266756.75ohm, LUX:4.91
Millis:59408, PWM:0.7, ADC:149, Voltage:0.12V, Resistance:266756.75ohm, LUX:4.91
Millis:59409, PWM:0.7, ADC:149, Voltage:0.12V, Resistance:254258.06ohm, LUX:4.91
Millis:59410, PWM:0.7, ADC:149, Voltage:0.12V, Resistance:266756.75ohm, LUX:4.45
Millis:59411, PWM:0.7, ADC:160, Voltage:0.12V, Resistance:266756.75ohm, LUX:4.91
Millis:59412, PWM:0.7, ADC:149, Voltage:0.12V, Resistance:264899.34ohm, LUX:5.04
Millis:59413, PWM:0.7, ADC:148, Voltage:0.12V, Resistance:264899.34ohm, LUX:5.17
Millis:59414, PWM:0.7, ADC:148, Voltage:0.12V, Resistance:266756.75ohm, LUX:4.91
Millis:59415, PWM:0.7, ADC:150, Voltage:0.12V, Resistance:264899.34ohm, LUX:4.91
Millis:59416, PWM:0.7, ADC:148, Voltage:0.12V, Resistance:264899.34ohm, LUX:4.45
Millis:59417, PWM:0.7, ADC:149, Voltage:0.12V, Resistance:266756.75ohm, LUX:4.91
Millis:59418, PWM:0.7, ADC:133, Voltage:0.12V, Resistance:264899.34ohm, LUX:4.91
Millis:59419, PWM:0.7, ADC:164, Voltage:0.12V, Resistance:266756.75ohm, LUX:4.87
Millis:59420, PWM:0.7, ADC:148, Voltage:0.12V, Resistance:264899.34ohm, LUX:5.00
Millis:59421, PWM:0.7, ADC:160, Voltage:0.12V, Resistance:264899.34ohm, LUX:4.91
Millis:59422, PWM:0.7, ADC:148, Voltage:0.11V, Resistance:264899.34ohm, LUX:4.91
Millis:59423, PWM:0.7, ADC:148, Voltage:0.12V, Resistance:263066.66ohm, LUX:5.04
Millis:59424, PWM:0.7, ADC:137, Voltage:0.12V, Resistance:264899.34ohm, LUX:4.91
Millis:59425, PWM:0.7, ADC:148, Voltage:0.11V, Resistance:266756.75ohm, LUX:5.08
Millis:59426, PWM:0.7, ADC:148, Voltage:0.11V, Resistance:266756.75ohm, LUX:4.87
Millis:59427, PWM:0.7, ADC:139, Voltage:0.12V, Resistance:264899.34ohm, LUX:4.87
Millis:59428, PWM:0.7, ADC:149, Voltage:0.11V, Resistance:266756.75ohm, LUX:4.87
Millis:59429, PWM:0.7, ADC:148, Voltage:0.12V, Resistance:263066.66ohm, LUX:5.04
Millis:59430, PWM:0.7, ADC:148, Voltage:0.12V, Resistance:264899.34ohm, LUX:4.87
Millis:59431, PWM:0.7, ADC:151, Voltage:0.12V, Resistance:264899.34ohm, LUX:4.91
Millis:59432, PWM:0.7, ADC:149, Voltage:0.11V, Resistance:264899.34ohm, LUX:4.91
Millis:59433, PWM:0.7, ADC:148, Voltage:0.12V, Resistance:288978.09ohm, LUX:4.87
Millis:59434, PWM:0.7, ADC:150, Voltage:0.12V, Resistance:264899.34ohm, LUX:4.87
Millis:59435, PWM:0.7, ADC:150, Voltage:0.12V, Resistance:264899.34ohm, LUX:4.87
Millis:59436, PWM:0.7, ADC:149, Voltage:0.12V, Resistance:259473.69ohm, LUX:4.87
Millis:59437, PWM:0.7, ADC:148, Voltage:0.11V, Resistance:264899.34ohm, LUX:4.87
Millis:59438, PWM:0.7, ADC:149, Voltage:0.12V, Resistance:255974.03ohm, LUX:4.91
Millis:59439, PWM:0.7, ADC:149, Voltage:0.12V, Resistance:264899.34ohm, LUX:4.87
Millis:59440, PWM:0.7, ADC:149, Voltage:0.12V, Resistance:259473.69ohm, LUX:4.91
Millis:59441, PWM:0.7, ADC:148, Voltage:0.13V, Resistance:264899.34ohm, LUX:4.87
Millis:59442, PWM:0.7, ADC:148, Voltage:0.12V, Resistance:266756.75ohm, LUX:4.87
Millis:59443, PWM:0.7, ADC:149, Voltage:0.12V, Resistance:257712.42ohm, LUX:4.91
Millis:59444, PWM:0.7, ADC:148, Voltage:0.12V, Resistance:266756.75ohm, LUX:4.87
Millis:59445, PWM:0.7, ADC:149, Voltage:0.12V, Resistance:266756.75ohm, LUX:4.91
Millis:59446, PWM:0.7, ADC:146, Voltage:0.12V, Resistance:264899.34ohm, LUX:4.87
Millis:59447, PWM:0.7, ADC:149, Voltage:0.12V, Resistance:266756.75ohm, LUX:4.87
Millis:59448, PWM:0.7, ADC:148, Voltage:0.12V, Resistance:263066.66ohm, LUX:4.57
Millis:59449, PWM:0.7, ADC:149, Voltage:0.12V, Resistance:264899.34ohm, LUX:4.91
Millis:59450, PWM:0.7, ADC:148, Voltage:0.12V, Resistance:266756.75ohm, LUX:4.87
Millis:59451, PWM:0.7, ADC:148, Voltage:0.12V, Resistance:266756.75ohm, LUX:4.95
Millis:59452, PWM:0.7, ADC:149, Voltage:0.12V, Resistance:282571.44ohm, LUX:4.87
Millis:59453, PWM:0.7, ADC:149, Voltage:0.12V, Resistance:266756.75ohm, LUX:4.91
Millis:59454, PWM:0.7, ADC:149, Voltage:0.12V, Resistance:276433.56ohm, LUX:4.74
Millis:59455, PWM:0.7, ADC:148, Voltage:0.12V, Resistance:264899.34ohm, LUX:4.87
Millis:59456, PWM:0.7, ADC:149, Voltage:0.12V, Resistance:264899.34ohm, LUX:4.91
Millis:59457, PWM:0.7, ADC:149, Voltage:0.12V, Resistance:264899.34ohm, LUX:4.91
Millis:59458, PWM:0.7, ADC:140, Voltage:0.12V, Resistance:264899.34ohm, LUX:4.91
Millis:59459, PWM:0.7, ADC:145, Voltage:0.12V, Resistance:264899.34ohm, LUX:4.87
Millis:59460, PWM:0.7, ADC:148, Voltage:0.12V, Resistance:270547.94ohm, LUX:4.91
Millis:59461, PWM:0.7, ADC:149, Voltage:0.12V, Resistance:264899.34ohm, LUX:4.91
Millis:59462, PWM:0.7, ADC:148, Voltage:0.12V, Resistance:266756.75ohm, LUX:4.91
Millis:59463, PWM:0.7, ADC:148, Voltage:0.12V, Resistance:264899.34ohm, LUX:4.87
Millis:59464, PWM:0.7, ADC:155, Voltage:0.12V, Resistance:266756.75ohm, LUX:4.91
Millis:59465, PWM:0.7, ADC:149, Voltage:0.12V, Resistance:268639.44ohm, LUX:4.91
Millis:59466, PWM:0.7, ADC:153, Voltage:0.12V, Resistance:264899.34ohm, LUX:4.91
Millis:59467, PWM:0.7, ADC:148, Voltage:0.11V, Resistance:266756.75ohm, LUX:4.91
Millis:59468, PWM:0.7, ADC:149, Voltage:0.12V, Resistance:266756.75ohm, LUX:4.87
Millis:59469, PWM:0.7, ADC:149, Voltage:0.12V, Resistance:264899.34ohm, LUX:5.17
Millis:59470, PWM:0.7, ADC:148, Voltage:0.12V, Resistance:264899.34ohm, LUX:4.91
Millis:59471, PWM:0.7, ADC:149, Voltage:0.12V, Resistance:266756.75ohm, LUX:5.04
Millis:59472, PWM:0.7, ADC:149, Voltage:0.12V, Resistance:239756.09ohm, LUX:4.91
Millis:59473, PWM:0.7, ADC:148, Voltage:0.12V, Resistance:272482.75ohm, LUX:4.91
Millis:59474, PWM:0.7, ADC:148, Voltage:0.12V, Resistance:266756.75ohm, LUX:4.87
Millis:59475, PWM:0.7, ADC:149, Voltage:0.12V, Resistance:288978.09ohm, LUX:4.87
Millis:59476, PWM:0.7, ADC:149, Voltage:0.12V, Resistance:250891.72ohm, LUX:4.91
Millis:59477, PWM:0.7, ADC:149, Voltage:0.12V, Resistance:307519.41ohm, LUX:4.91
Millis:59478, PWM:0.7, ADC:155, Voltage:0.12V, Resistance:264899.34ohm, LUX:4.87
Millis:59479, PWM:0.7, ADC:149, Voltage:0.12V, Resistance:282571.44ohm, LUX:4.74
Millis:59480, PWM:0.7, ADC:148, Voltage:0.12V, Resistance:264899.34ohm, LUX:4.87
Millis:59481, PWM:0.7, ADC:155, Voltage:0.14V, Resistance:264899.34ohm, LUX:4.91
Millis:59482, PWM:0.7, ADC:148, Voltage:0.12V, Resistance:266756.75ohm, LUX:4.87
Millis:59483, PWM:0.7, ADC:149, Voltage:0.12V, Resistance:264899.34ohm, LUX:4.74
Millis:59484, PWM:0.7, ADC:154, Voltage:0.12V, Resistance:264899.34ohm, LUX:4.91
Millis:59485, PWM:0.7, ADC:149, Voltage:0.12V, Resistance:266756.75ohm, LUX:4.91
Millis:59486, PWM:0.7, ADC:147, Voltage:0.12V, Resistance:266756.75ohm, LUX:4.91
Millis:59487, PWM:0.7, ADC:148, Voltage:0.12V, Resistance:266756.75ohm, LUX:4.16
Millis:59488, PWM:0.7, ADC:155, Voltage:0.12V, Resistance:264899.34ohm, LUX:4.91
Millis:59489, PWM:0.7, ADC:149, Voltage:0.12V, Resistance:264899.34ohm, LUX:4.87
Millis:59490, PWM:0.7, ADC:145, Voltage:0.12V, Resistance:266756.75ohm, LUX:4.91
Millis:59491, PWM:0.7, ADC:150, Voltage:0.11V, Resistance:264899.34ohm, LUX:4.91
Millis:59492, PWM:0.7, ADC:133, Voltage:0.12V, Resistance:266756.75ohm, LUX:4.53
Millis:59493, PWM:0.7, ADC:148, Voltage:0.12V, Resistance:266756.75ohm, LUX:4.91
Millis:59494, PWM:0.7, ADC:149, Voltage:0.11V, Resistance:266756.75ohm, LUX:4.95
Millis:59495, PWM:0.7, ADC:148, Voltage:0.12V, Resistance:255974.03ohm, LUX:4.91
Millis:59496, PWM:0.7, ADC:148, Voltage:0.12V, Resistance:233809.53ohm, LUX:4.87
Millis:59497, PWM:0.7, ADC:148, Voltage:0.12V, Resistance:264899.34ohm, LUX:4.91
Millis:59498, PWM:0.7, ADC:149, Voltage:0.12V, Resistance:266756.75ohm, LUX:4.91
Millis:59499, PWM:0.7, ADC:167, Voltage:0.12V, Resistance:264899.34ohm, LUX:4.91
Millis:59500, PWM:0.7, ADC:138, Voltage:0.12V, Resistance:257712.42ohm, LUX:4.45
Millis:59501, PWM:0.7, ADC:150, Voltage:0.12V, Resistance:266756.75ohm, LUX:4.87
Millis:59502, PWM:0.7, ADC:150, Voltage:0.12V, Resistance:286811.59ohm, LUX:4.45
Millis:59503, PWM:0.7, ADC:148, Voltage:0.12V, Resistance:264899.34ohm, LUX:5.04
Millis:59504, PWM:0.7, ADC:148, Voltage:0.11V, Resistance:264899.34ohm, LUX:4.91
Millis:59505, PWM:0.7, ADC:150, Voltage:0.12V, Resistance:266756.75ohm, LUX:4.91
Millis:59506, PWM:0.7, ADC:149, Voltage:0.12V, Resistance:264899.34ohm, LUX:4.91
Millis:59507, PWM:0.7, ADC:148, Voltage:0.12V, Resistance:264899.34ohm, LUX:4.91
Millis:59508, PWM:0.7, ADC:154, Voltage:0.12V, Resistance:266756.75ohm, LUX:4.91
Millis:59509, PWM:0.7, ADC:148, Voltage:0.12V, Resistance:264899.34ohm, LUX:4.95
Millis:59510, PWM:0.7, ADC:137, Voltage:0.12V, Resistance:264899.34ohm, LUX:4.95
Millis:59511, PWM:0.7, ADC:149, Voltage:0.12V, Resistance:264899.34ohm, LUX:5.04
Millis:59512, PWM:0.7, ADC:149, Voltage:0.12V, Resistance:266756.75ohm, LUX:4.91
Millis:59514, PWM:0.7, ADC:152, Voltage:0.12V, Resistance:266756.75ohm, LUX:4.87
Millis:59515, PWM:0.7, ADC:149, Voltage:0.12V, Resistance:242839.52ohm, LUX:4.78
Millis:59516, PWM:0.7, ADC:148, Voltage:0.12V, Resistance:266756.75ohm, LUX:4.91
Millis:59517, PWM:0.7, ADC:139, Voltage:0.12V, Resistance:266756.75ohm, LUX:4.91
Millis:59518, PWM:0.7, ADC:149, Voltage:0.14V, Resistance:266756.75ohm, LUX:4.91
Millis:59519, PWM:0.7, ADC:139, Voltage:0.12V, Resistance:264899.34ohm, LUX:4.91
Millis:59520, PWM:0.7, ADC:149, Voltage:0.12V, Resistance:263066.66ohm, LUX:4.45
Millis:59521, PWM:0.7, ADC:149, Voltage:0.12V, Resistance:264899.34ohm, LUX:4.91
Millis:59522, PWM:0.7, ADC:137, Voltage:0.12V, Resistance:264899.34ohm, LUX:4.91
Millis:59523, PWM:0.7, ADC:149, Voltage:0.12V, Resistance:264899.34ohm, LUX:5.08
Millis:59524, PWM:0.7, ADC:149, Voltage:0.12V, Resistance:263066.66ohm, LUX:4.36
Millis:59525, PWM:0.7, ADC:150, Voltage:0.12V, Resistance:266756.75ohm, LUX:5.17
Millis:59526, PWM:0.7, ADC:149, Voltage:0.12V, Resistance:257712.42ohm, LUX:4.87
Millis:59527, PWM:0.7, ADC:148, Voltage:0.12V, Resistance:264899.34ohm, LUX:4.91
Millis:59528, PWM:0.7, ADC:148, Voltage:0.11V, Resistance:264899.34ohm, LUX:4.95
Millis:59529, PWM:0.7, ADC:149, Voltage:0.12V, Resistance:266756.75ohm, LUX:4.91
Millis:59530, PWM:0.7, ADC:145, Voltage:0.12V, Resistance:264899.34ohm, LUX:4.87
Millis:59531, PWM:0.7, ADC:148, Voltage:0.12V, Resistance:264899.34ohm, LUX:4.83
Millis:59532, PWM:0.7, ADC:176, Voltage:0.12V, Resistance:264899.34ohm, LUX:4.91
Millis:59533, PWM:0.7, ADC:149, Voltage:0.12V, Resistance:266756.75ohm, LUX:4.87
Millis:59534, PWM:0.7, ADC:149, Voltage:0.12V, Resistance:264899.34ohm, LUX:5.17
Millis:59535, PWM:0.7, ADC:150, Voltage:0.12V, Resistance:264899.34ohm, LUX:4.87
Millis:59536, PWM:0.7, ADC:149, Voltage:0.12V, Resistance:266756.75ohm, LUX:4.87
Millis:59537, PWM:0.7, ADC:149, Voltage:0.12V, Resistance:264899.34ohm, LUX:4.91
Millis:59538, PWM:0.7, ADC:140, Voltage:0.12V, Resistance:266756.75ohm, LUX:5.17
Millis:59539, PWM:0.7, ADC:154, Voltage:0.12V, Resistance:266756.75ohm, LUX:4.87
Millis:59540, PWM:0.7, ADC:149, Voltage:0.12V, Resistance:259473.69ohm, LUX:4.91
Millis:59541, PWM:0.7, ADC:135, Voltage:0.12V, Resistance:266756.75ohm, LUX:4.40
Millis:59542, PWM:0.7, ADC:148, Voltage:0.09V, Resistance:264899.34ohm, LUX:4.91
Millis:59543, PWM:0.7, ADC:148, Voltage:0.12V, Resistance:266756.75ohm, LUX:5.08
Millis:59544, PWM:0.7, ADC:149, Voltage:0.12V, Resistance:264899.34ohm, LUX:5.04
Millis:59545, PWM:0.7, ADC:149, Voltage:0.12V, Resistance:266756.75ohm, LUX:4.87
Millis:59546, PWM:0.7, ADC:148, Voltage:0.12V, Resistance:264899.34ohm, LUX:4.95
Millis:59547, PWM:0.7, ADC:149, Voltage:0.12V, Resistance:264899.34ohm, LUX:4.87
Millis:59548, PWM:0.7, ADC:150, Voltage:0.12V, Resistance:264899.34ohm, LUX:4.87
Millis:59549, PWM:0.7, ADC:148, Voltage:0.12V, Resistance:264899.34ohm, LUX:4.87
Millis:59550, PWM:0.7, ADC:149, Voltage:0.12V, Resistance:264899.34ohm, LUX:4.87
Millis:59551, PWM:0.7, ADC:144, Voltage:0.12V, Resistance:266756.75ohm, LUX:4.91
Millis:59552, PWM:0.7, ADC:149, Voltage:0.12V, Resistance:266756.75ohm, LUX:4.87
Millis:59553, PWM:0.7, ADC:149, Voltage:0.12V, Resistance:264899.34ohm, LUX:4.91
Millis:59554, PWM:0.7, ADC:148, Voltage:0.12V, Resistance:264899.34ohm, LUX:4.91
Millis:59555, PWM:0.7, ADC:148, Voltage:0.12V, Resistance:254258.06ohm, LUX:4.91
Millis:59556, PWM:0.7, ADC:148, Voltage:0.11V, Resistance:264899.34ohm, LUX:4.95
Millis:59557, PWM:0.7, ADC:148, Voltage:0.12V, Resistance:264899.34ohm, LUX:4.70
Millis:59558, PWM:0.7, ADC:148, Voltage:0.12V, Resistance:233809.53ohm, LUX:4.91
Millis:59559, PWM:0.7, ADC:149, Voltage:0.14V, Resistance:264899.34ohm, LUX:4.91
Millis:59560, PWM:0.7, ADC:149, Voltage:0.12V, Resistance:264899.34ohm, LUX:4.91
Millis:59561, PWM:0.7, ADC:151, Voltage:0.14V, Resistance:264899.34ohm, LUX:4.91
Millis:59562, PWM:0.7, ADC:148, Voltage:0.12V, Resistance:266756.75ohm, LUX:4.87
Millis:59563, PWM:0.7, ADC:149, Voltage:0.12V, Resistance:264899.34ohm, LUX:4.91
Millis:59564, PWM:0.7, ADC:149, Voltage:0.12V, Resistance:266756.75ohm, LUX:5.08
Millis:59565, PWM:0.7, ADC:149, Voltage:0.12V, Resistance:264899.34ohm, LUX:4.45
Millis:59566, PWM:0.7, ADC:149, Voltage:0.11V, Resistance:264899.34ohm, LUX:5.00
Millis:59567, PWM:0.7, ADC:149, Voltage:0.12V, Resistance:272482.75ohm, LUX:4.91
Millis:59568, PWM:0.7, ADC:150, Voltage:0.12V, Resistance:264899.34ohm, LUX:4.91
Millis:59569, PWM:0.7, ADC:149, Voltage:0.12V, Resistance:264899.34ohm, LUX:5.08
Millis:59570, PWM:0.7, ADC:153, Voltage:0.12V, Resistance:266756.75ohm, LUX:4.91
Millis:59571, PWM:0.7, ADC:154, Voltage:0.12V, Resistance:266756.75ohm, LUX:4.91
Millis:59572, PWM:0.7, ADC:149, Voltage:0.12V, Resistance:264899.34ohm, LUX:4.87
Millis:59573, PWM:0.7, ADC:150, Voltage:0.12V, Resistance:264899.34ohm, LUX:4.87
Millis:59574, PWM:0.7, ADC:149, Voltage:0.12V, Resistance:264899.34ohm, LUX:4.87
Millis:59575, PWM:0.7, ADC:149, Voltage:0.12V, Resistance:264899.34ohm, LUX:4.91
Millis:59576, PWM:0.7, ADC:139, Voltage:0.12V, Resistance:264899.34ohm, LUX:4.91
Millis:59577, PWM:0.7, ADC:152, Voltage:0.12V, Resistance:264899.34ohm, LUX:4.91
Millis:59578, PWM:0.7, ADC:149, Voltage:0.12V, Resistance:264899.34ohm, LUX:4.87
Millis:59579, PWM:0.7, ADC:149, Voltage:0.12V, Resistance:264899.34ohm, LUX:4.91
Millis:59580, PWM:0.7, ADC:148, Voltage:0.11V, Resistance:264899.34ohm, LUX:4.91
Millis:59581, PWM:0.7, ADC:140, Voltage:0.12V, Resistance:264899.34ohm, LUX:4.91
Millis:59582, PWM:0.7, ADC:140, Voltage:0.12V, Resistance:266756.75ohm, LUX:4.87
Millis:59583, PWM:0.7, ADC:145, Voltage:0.12V, Resistance:264899.34ohm, LUX:4.91
Millis:59584, PWM:0.7, ADC:148, Voltage:0.11V, Resistance:264899.34ohm, LUX:4.91
Millis:59585, PWM:0.7, ADC:149, Voltage:0.12V, Resistance:264899.34ohm, LUX:4.91
Millis:59586, PWM:0.7, ADC:149, Voltage:0.12V, Resistance:257712.42ohm, LUX:4.91
Millis:59587, PWM:0.7, ADC:149, Voltage:0.12V, Resistance:264899.34ohm, LUX:4.91
Millis:59588, PWM:0.7, ADC:149, Voltage:0.12V, Resistance:264899.34ohm, LUX:4.87
Millis:59589, PWM:0.7, ADC:149, Voltage:0.12V, Resistance:264899.34ohm, LUX:4.91
Millis:59590, PWM:0.7, ADC:150, Voltage:0.12V, Resistance:264899.34ohm, LUX:4.91
Millis:59591, PWM:0.7, ADC:149, Voltage:0.12V, Resistance:264899.34ohm, LUX:4.91
Millis:59592, PWM:0.7, ADC:152, Voltage:0.11V, Resistance:264899.34ohm, LUX:4.87
Millis:59593, PWM:0.7, ADC:146, Voltage:0.12V, Resistance:259473.69ohm, LUX:4.91
Millis:59594, PWM:0.7, ADC:149, Voltage:0.12V, Resistance:264899.34ohm, LUX:4.91
Millis:59595, PWM:0.7, ADC:149, Voltage:0.12V, Resistance:264899.34ohm, LUX:4.91
Millis:59596, PWM:0.7, ADC:149, Voltage:0.12V, Resistance:266756.75ohm, LUX:5.17
Millis:59597, PWM:0.7, ADC:149, Voltage:0.12V, Resistance:263066.66ohm, LUX:4.91
Millis:59598, PWM:0.7, ADC:149, Voltage:0.12V, Resistance:286811.59ohm, LUX:4.91
Millis:59599, PWM:0.7, ADC:149, Voltage:0.12V, Resistance:264899.34ohm, LUX:4.95
Millis:59600, PWM:0.7, ADC:149, Voltage:0.12V, Resistance:264899.34ohm, LUX:4.91
Millis:59601, PWM:0.7, ADC:150, Voltage:0.12V, Resistance:264899.34ohm, LUX:4.91
Millis:59602, PWM:0.7, ADC:149, Voltage:0.12V, Resistance:264899.34ohm, LUX:4.91
Millis:59603, PWM:0.7, ADC:152, Voltage:0.12V, Resistance:264899.34ohm, LUX:4.57
Millis:59604, PWM:0.7, ADC:149, Voltage:0.12V, Resistance:254258.06ohm, LUX:4.53
Millis:59605, PWM:0.7, ADC:149, Voltage:0.12V, Resistance:264899.34ohm, LUX:4.87
Millis:59606, PWM:0.7, ADC:149, Voltage:0.12V, Resistance:286811.59ohm, LUX:4.91
Millis:59607, PWM:0.7, ADC:154, Voltage:0.12V, Resistance:264899.34ohm, LUX:4.91
Millis:59608, PWM:0.7, ADC:149, Voltage:0.12V, Resistance:259473.69ohm, LUX:4.95
Millis:59609, PWM:0.7, ADC:149, Voltage:0.12V, Resistance:259473.69ohm, LUX:4.91
Millis:59610, PWM:0.7, ADC:149, Voltage:0.12V, Resistance:264899.34ohm, LUX:4.87
Millis:59611, PWM:0.7, ADC:149, Voltage:0.12V, Resistance:264899.34ohm, LUX:5.13
Millis:59612, PWM:0.7, ADC:148, Voltage:0.11V, Resistance:264899.34ohm, LUX:4.95
Millis:59613, PWM:0.7, ADC:149, Voltage:0.12V, Resistance:264899.34ohm, LUX:5.26
Millis:59614, PWM:0.7, ADC:149, Voltage:0.12V, Resistance:254258.06ohm, LUX:4.91
Millis:59615, PWM:0.7, ADC:149, Voltage:0.12V, Resistance:264899.34ohm, LUX:4.91
Millis:59616, PWM:0.7, ADC:139, Voltage:0.12V, Resistance:264899.34ohm, LUX:4.91
Millis:59617, PWM:0.7, ADC:149, Voltage:0.14V, Resistance:264899.34ohm, LUX:4.91
Millis:59618, PWM:0.7, ADC:149, Voltage:0.12V, Resistance:266756.75ohm, LUX:4.91
Millis:59619, PWM:0.7, ADC:149, Voltage:0.11V, Resistance:264899.34ohm, LUX:4.91
Millis:59620, PWM:0.7, ADC:149, Voltage:0.12V, Resistance:263066.66ohm, LUX:4.91
Millis:59621, PWM:0.7, ADC:149, Voltage:0.12V, Resistance:263066.66ohm, LUX:4.87
Millis:59622, PWM:0.7, ADC:149, Voltage:0.12V, Resistance:264899.34ohm, LUX:4.91
Millis:59623, PWM:0.7, ADC:149, Voltage:0.12V, Resistance:264899.34ohm, LUX:4.91
Millis:59624, PWM:0.7, ADC:149, Voltage:0.12V, Resistance:254258.06ohm, LUX:4.87
Millis:59625, PWM:0.7, ADC:149, Voltage:0.12V, Resistance:268639.44ohm, LUX:4.91
Millis:59626, PWM:0.7, ADC:149, Voltage:0.12V, Resistance:274444.44ohm, LUX:4.49
Millis:59627, PWM:0.7, ADC:148, Voltage:0.12V, Resistance:264899.34ohm, LUX:4.91
Millis:59628, PWM:0.7, ADC:149, Voltage:0.12V, Resistance:264899.34ohm, LUX:4.91
Millis:59629, PWM:0.7, ADC:148, Voltage:0.12V, Resistance:242839.52ohm, LUX:4.91
Millis:59630, PWM:0.7, ADC:149, Voltage:0.12V, Resistance:266756.75ohm, LUX:4.91
Millis:59631, PWM:0.7, ADC:149, Voltage:0.12V, Resistance:266756.75ohm, LUX:4.95
Millis:59632, PWM:0.7, ADC:152, Voltage:0.12V, Resistance:264899.34ohm, LUX:4.91
Millis:59633, PWM:0.7, ADC:150, Voltage:0.12V, Resistance:266756.75ohm, LUX:4.91
Millis:59634, PWM:0.7, ADC:149, Voltage:0.12V, Resistance:266756.75ohm, LUX:4.45
Millis:59635, PWM:0.7, ADC:149, Voltage:0.12V, Resistance:264899.34ohm, LUX:4.91
Millis:59636, PWM:0.7, ADC:149, Voltage:0.12V, Resistance:233809.53ohm, LUX:4.87
Millis:59637, PWM:0.7, ADC:149, Voltage:0.12V, Resistance:264899.34ohm, LUX:4.87
Millis:59638, PWM:0.7, ADC:149, Voltage:0.12V, Resistance:264899.34ohm, LUX:4.87
Millis:59639, PWM:0.7, ADC:166, Voltage:0.12V, Resistance:264899.34ohm, LUX:4.91
Millis:59640, PWM:0.7, ADC:149, Voltage:0.12V, Resistance:264899.34ohm, LUX:4.87
Millis:59641, PWM:0.7, ADC:149, Voltage:0.12V, Resistance:264899.34ohm, LUX:4.95
Millis:59642, PWM:0.7, ADC:149, Voltage:0.12V, Resistance:264899.34ohm, LUX:4.91
Millis:59643, PWM:0.7, ADC:148, Voltage:0.12V, Resistance:264899.34ohm, LUX:4.91
Millis:59644, PWM:0.7, ADC:149, Voltage:0.12V, Resistance:278450.69ohm, LUX:4.87
Millis:59645, PWM:0.7, ADC:149, Voltage:0.12V, Resistance:241288.36ohm, LUX:4.91
Millis:59646, PWM:0.7, ADC:150, Voltage:0.12V, Resistance:264899.34ohm, LUX:4.87
Millis:59647, PWM:0.7, ADC:149, Voltage:0.12V, Resistance:264899.34ohm, LUX:4.91
Millis:59648, PWM:0.7, ADC:149, Voltage:0.12V, Resistance:266756.75ohm, LUX:4.91
Millis:59649, PWM:0.7, ADC:136, Voltage:0.12V, Resistance:264899.34ohm, LUX:4.87
Millis:59650, PWM:0.7, ADC:149, Voltage:0.12V, Resistance:272482.75ohm, LUX:4.91
Millis:59651, PWM:0.7, ADC:149, Voltage:0.12V, Resistance:266756.75ohm, LUX:2.71
Millis:59652, PWM:0.7, ADC:149, Voltage:0.12V, Resistance:264899.34ohm, LUX:5.08
Millis:59653, PWM:0.7, ADC:149, Voltage:0.12V, Resistance:254258.06ohm, LUX:4.95
Millis:59654, PWM:0.7, ADC:149, Voltage:0.12V, Resistance:266756.75ohm, LUX:4.91
Millis:59655, PWM:0.7, ADC:149, Voltage:0.11V, Resistance:264899.34ohm, LUX:4.91
Millis:59656, PWM:0.7, ADC:149, Voltage:0.12V, Resistance:266756.75ohm, LUX:4.87
Millis:59657, PWM:0.7, ADC:138, Voltage:0.12V, Resistance:264899.34ohm, LUX:4.91
Millis:59658, PWM:0.7, ADC:150, Voltage:0.12V, Resistance:264899.34ohm, LUX:4.45
Millis:59659, PWM:0.7, ADC:149, Voltage:0.12V, Resistance:266756.75ohm, LUX:4.87
Millis:59660, PWM:0.7, ADC:149, Voltage:0.12V, Resistance:266756.75ohm, LUX:4.40
Millis:59661, PWM:0.7, ADC:149, Voltage:0.12V, Resistance:264899.34ohm, LUX:4.91
Millis:59662, PWM:0.7, ADC:149, Voltage:0.12V, Resistance:264899.34ohm, LUX:4.91
Millis:59663, PWM:0.7, ADC:149, Voltage:0.12V, Resistance:264899.34ohm, LUX:4.91
Millis:59664, PWM:0.7, ADC:153, Voltage:0.12V, Resistance:264899.34ohm, LUX:4.91
Millis:59665, PWM:0.7, ADC:150, Voltage:0.12V, Resistance:264899.34ohm, LUX:4.45
Millis:59666, PWM:0.7, ADC:149, Voltage:0.12V, Resistance:264899.34ohm, LUX:4.91
Millis:59667, PWM:0.7, ADC:153, Voltage:0.12V, Resistance:264899.34ohm, LUX:4.91
Millis:59668, PWM:0.7, ADC:168, Voltage:0.12V, Resistance:264899.34ohm, LUX:4.87
Millis:59669, PWM:0.7, ADC:149, Voltage:0.12V, Resistance:259473.69ohm, LUX:4.91
Millis:59670, PWM:0.7, ADC:149, Voltage:0.12V, Resistance:291176.47ohm, LUX:5.04
Millis:59671, PWM:0.7, ADC:149, Voltage:0.12V, Resistance:263066.66ohm, LUX:3.83
Millis:59672, PWM:0.7, ADC:149, Voltage:0.12V, Resistance:255974.03ohm, LUX:4.91
Millis:59673, PWM:0.7, ADC:150, Voltage:0.12V, Resistance:266756.75ohm, LUX:4.49
Millis:59674, PWM:0.7, ADC:149, Voltage:0.12V, Resistance:264899.34ohm, LUX:4.91
Millis:59675, PWM:0.7, ADC:222, Voltage:0.12V, Resistance:264899.34ohm, LUX:4.91
Millis:59676, PWM:0.7, ADC:149, Voltage:0.12V, Resistance:264899.34ohm, LUX:5.04
Millis:59677, PWM:0.7, ADC:149, Voltage:0.12V, Resistance:264899.34ohm, LUX:4.91
Millis:59678, PWM:0.7, ADC:149, Voltage:0.12V, Resistance:264899.34ohm, LUX:4.91
Millis:59679, PWM:0.7, ADC:149, Voltage:0.12V, Resistance:264899.34ohm, LUX:4.78
Millis:59680, PWM:0.7, ADC:148, Voltage:0.12V, Resistance:264899.34ohm, LUX:4.91
Millis:59681, PWM:0.7, ADC:148, Voltage:0.11V, Resistance:264899.34ohm, LUX:4.91
Millis:59682, PWM:0.7, ADC:149, Voltage:0.12V, Resistance:295671.66ohm, LUX:4.87
Millis:59683, PWM:0.7, ADC:149, Voltage:0.12V, Resistance:263066.66ohm, LUX:4.87
Millis:59684, PWM:0.7, ADC:137, Voltage:0.12V, Resistance:264899.34ohm, LUX:4.91
Millis:59685, PWM:0.7, ADC:149, Voltage:0.12V, Resistance:264899.34ohm, LUX:4.91
Millis:59686, PWM:0.7, ADC:149, Voltage:0.12V, Resistance:254258.06ohm, LUX:4.91
Millis:59687, PWM:0.7, ADC:149, Voltage:0.12V, Resistance:263066.66ohm, LUX:4.91
Millis:59688, PWM:0.7, ADC:149, Voltage:0.12V, Resistance:238242.42ohm, LUX:4.91
Millis:59689, PWM:0.7, ADC:152, Voltage:0.12V, Resistance:263066.66ohm, LUX:4.91
Millis:59690, PWM:0.7, ADC:152, Voltage:0.12V, Resistance:264899.34ohm, LUX:4.91
Millis:59691, PWM:0.7, ADC:149, Voltage:0.11V, Resistance:264899.34ohm, LUX:5.74
Millis:59692, PWM:0.7, ADC:149, Voltage:0.12V, Resistance:246000.00ohm, LUX:4.95
Millis:59693, PWM:0.7, ADC:149, Voltage:0.12V, Resistance:264899.34ohm, LUX:4.91
Millis:59694, PWM:0.7, ADC:148, Voltage:0.12V, Resistance:266756.75ohm, LUX:4.91
Millis:59695, PWM:0.7, ADC:148, Voltage:0.12V, Resistance:236747.00ohm, LUX:5.04
Millis:59696, PWM:0.7, ADC:148, Voltage:0.12V, Resistance:259473.69ohm, LUX:4.78
Millis:59697, PWM:0.7, ADC:149, Voltage:0.12V, Resistance:250891.72ohm, LUX:4.91
Millis:59698, PWM:0.7, ADC:149, Voltage:0.12V, Resistance:282571.44ohm, LUX:4.91
Millis:59699, PWM:0.7, ADC:149, Voltage:0.12V, Resistance:264899.34ohm, LUX:4.91
Millis:59700, PWM:0.7, ADC:154, Voltage:0.12V, Resistance:266756.75ohm, LUX:4.95
Millis:59701, PWM:0.7, ADC:149, Voltage:0.12V, Resistance:266756.75ohm, LUX:4.91
Millis:59702, PWM:0.7, ADC:149, Voltage:0.12V, Resistance:264899.34ohm, LUX:4.91
Millis:59703, PWM:0.7, ADC:147, Voltage:0.11V, Resistance:264899.34ohm, LUX:4.91
Millis:59704, PWM:0.7, ADC:151, Voltage:0.12V, Resistance:263066.66ohm, LUX:4.91
Millis:59705, PWM:0.7, ADC:150, Voltage:0.12V, Resistance:264899.34ohm, LUX:4.91
Millis:59706, PWM:0.7, ADC:148, Voltage:0.12V, Resistance:286811.59ohm, LUX:4.91
Millis:59707, PWM:0.7, ADC:154, Voltage:0.12V, Resistance:266756.75ohm, LUX:4.91
Millis:59708, PWM:0.7, ADC:149, Voltage:0.12V, Resistance:264899.34ohm, LUX:4.91
Millis:59709, PWM:0.7, ADC:148, Voltage:0.12V, Resistance:264899.34ohm, LUX:4.20
Millis:59710, PWM:0.7, ADC:149, Voltage:0.12V, Resistance:264899.34ohm, LUX:4.45
Millis:59711, PWM:0.7, ADC:148, Voltage:0.12V, Resistance:274444.44ohm, LUX:4.91
Millis:59712, PWM:0.7, ADC:148, Voltage:0.12V, Resistance:264899.34ohm, LUX:4.91
Millis:59713, PWM:0.7, ADC:149, Voltage:0.12V, Resistance:264899.34ohm, LUX:4.91
Millis:59714, PWM:0.7, ADC:149, Voltage:0.12V, Resistance:246000.00ohm, LUX:4.91
Millis:59715, PWM:0.7, ADC:149, Voltage:0.12V, Resistance:264899.34ohm, LUX:4.91
Millis:59716, PWM:0.7, ADC:149, Voltage:0.12V, Resistance:264899.34ohm, LUX:4.87
Millis:59717, PWM:0.7, ADC:148, Voltage:0.12V, Resistance:264899.34ohm, LUX:4.91
Millis:59718, PWM:0.7, ADC:149, Voltage:0.12V, Resistance:257712.42ohm, LUX:4.91
Millis:59720, PWM:0.7, ADC:152, Voltage:0.12V, Resistance:266756.75ohm, LUX:4.91
Millis:59721, PWM:0.7, ADC:149, Voltage:0.12V, Resistance:264899.34ohm, LUX:4.91
Millis:59722, PWM:0.7, ADC:149, Voltage:0.12V, Resistance:264899.34ohm, LUX:4.91
Millis:59723, PWM:0.7, ADC:149, Voltage:0.12V, Resistance:264899.34ohm, LUX:4.91
Millis:59724, PWM:0.7, ADC:149, Voltage:0.12V, Resistance:266756.75ohm, LUX:5.21
Millis:59725, PWM:0.7, ADC:148, Voltage:0.12V, Resistance:264899.34ohm, LUX:4.45
Millis:59726, PWM:0.7, ADC:149, Voltage:0.12V, Resistance:264899.34ohm, LUX:4.87
Millis:59727, PWM:0.7, ADC:149, Voltage:0.12V, Resistance:264899.34ohm, LUX:4.91
Millis:59728, PWM:0.7, ADC:149, Voltage:0.12V, Resistance:264899.34ohm, LUX:4.91
Millis:59729, PWM:0.7, ADC:149, Voltage:0.12V, Resistance:252564.11ohm, LUX:4.91
Millis:59730, PWM:0.7, ADC:149, Voltage:0.12V, Resistance:264899.34ohm, LUX:5.13
Millis:59731, PWM:0.7, ADC:149, Voltage:0.11V, Resistance:264899.34ohm, LUX:4.91
Millis:59732, PWM:0.7, ADC:139, Voltage:0.12V, Resistance:264899.34ohm, LUX:4.91
Millis:59733, PWM:0.7, ADC:150, Voltage:0.12V, Resistance:264899.34ohm, LUX:4.57
Millis:59734, PWM:0.7, ADC:148, Voltage:0.12V, Resistance:264899.34ohm, LUX:4.91
Millis:59735, PWM:0.7, ADC:150, Voltage:0.12V, Resistance:264899.34ohm, LUX:4.91
Millis:59736, PWM:0.7, ADC:148, Voltage:0.12V, Resistance:263066.66ohm, LUX:4.91
Millis:59737, PWM:0.7, ADC:149, Voltage:0.12V, Resistance:264899.34ohm, LUX:4.91
Millis:59738, PWM:0.7, ADC:149, Voltage:0.12V, Resistance:286811.59ohm, LUX:4.91
Millis:59739, PWM:0.7, ADC:148, Voltage:0.12V, Resistance:272482.75ohm, LUX:4.87
Millis:59740, PWM:0.7, ADC:148, Voltage:0.12V, Resistance:264899.34ohm, LUX:5.04
Millis:59741, PWM:0.7, ADC:154, Voltage:0.12V, Resistance:264899.34ohm, LUX:4.87
Millis:59742, PWM:0.7, ADC:143, Voltage:0.12V, Resistance:264899.34ohm, LUX:4.91
Millis:59743, PWM:0.7, ADC:150, Voltage:0.12V, Resistance:264899.34ohm, LUX:4.91
Millis:59744, PWM:0.7, ADC:148, Voltage:0.11V, Resistance:254258.06ohm, LUX:4.83
Millis:59745, PWM:0.7, ADC:150, Voltage:0.12V, Resistance:264899.34ohm, LUX:4.91
Millis:59746, PWM:0.7, ADC:148, Voltage:0.12V, Resistance:264899.34ohm, LUX:4.87
Millis:59747, PWM:0.7, ADC:137, Voltage:0.12V, Resistance:264899.34ohm, LUX:4.45
Millis:59748, PWM:0.7, ADC:149, Voltage:0.12V, Resistance:264899.34ohm, LUX:5.13
Millis:59749, PWM:0.7, ADC:149, Voltage:0.12V, Resistance:257712.42ohm, LUX:4.91
Millis:59750, PWM:0.7, ADC:149, Voltage:0.12V, Resistance:264899.34ohm, LUX:4.91
Millis:59751, PWM:0.7, ADC:150, Voltage:0.12V, Resistance:264899.34ohm, LUX:4.87
Millis:59752, PWM:0.7, ADC:149, Voltage:0.12V, Resistance:264899.34ohm, LUX:4.91
Millis:59753, PWM:0.7, ADC:149, Voltage:0.12V, Resistance:264899.34ohm, LUX:4.91
Millis:59754, PWM:0.7, ADC:151, Voltage:0.12V, Resistance:263066.66ohm, LUX:4.91
Millis:59755, PWM:0.7, ADC:148, Voltage:0.12V, Resistance:264899.34ohm, LUX:4.91
Millis:59756, PWM:0.7, ADC:149, Voltage:0.12V, Resistance:263066.66ohm, LUX:4.91
Millis:59757, PWM:0.7, ADC:149, Voltage:0.12V, Resistance:264899.34ohm, LUX:4.91
Millis:59758, PWM:0.7, ADC:149, Voltage:0.12V, Resistance:264899.34ohm, LUX:5.08
Millis:59759, PWM:0.7, ADC:149, Voltage:0.12V, Resistance:254258.06ohm, LUX:4.91
Millis:59760, PWM:0.7, ADC:173, Voltage:0.13V, Resistance:263066.66ohm, LUX:4.91
Millis:59761, PWM:0.7, ADC:149, Voltage:0.12V, Resistance:264899.34ohm, LUX:4.91
Millis:59762, PWM:0.7, ADC:149, Voltage:0.12V, Resistance:284676.28ohm, LUX:4.91
Millis:59763, PWM:0.7, ADC:149, Voltage:0.12V, Resistance:264899.34ohm, LUX:4.91
Millis:59764, PWM:0.7, ADC:149, Voltage:0.12V, Resistance:264899.34ohm, LUX:5.08
Millis:59765, PWM:0.7, ADC:149, Voltage:0.12V, Resistance:257712.42ohm, LUX:5.04
Millis:59766, PWM:0.7, ADC:149, Voltage:0.12V, Resistance:264899.34ohm, LUX:4.91
Millis:59767, PWM:0.7, ADC:148, Voltage:0.12V, Resistance:264899.34ohm, LUX:4.49
Millis:59768, PWM:0.7, ADC:149, Voltage:0.12V, Resistance:264899.34ohm, LUX:4.91
Millis:59769, PWM:0.7, ADC:149, Voltage:0.12V, Resistance:264899.34ohm, LUX:4.87
Millis:59770, PWM:0.7, ADC:149, Voltage:0.12V, Resistance:254258.06ohm, LUX:4.91
Millis:59771, PWM:0.7, ADC:148, Voltage:0.12V, Resistance:263066.66ohm, LUX:4.91
Millis:59772, PWM:0.7, ADC:149, Voltage:0.12V, Resistance:264899.34ohm, LUX:5.83
Millis:59773, PWM:0.7, ADC:149, Voltage:0.11V, Resistance:264899.34ohm, LUX:4.87
Millis:59774, PWM:0.7, ADC:149, Voltage:0.12V, Resistance:254258.06ohm, LUX:4.91
Millis:59775, PWM:0.7, ADC:150, Voltage:0.12V, Resistance:266756.75ohm, LUX:4.91
Millis:59776, PWM:0.7, ADC:136, Voltage:0.12V, Resistance:266756.75ohm, LUX:4.91
Millis:59777, PWM:0.7, ADC:149, Voltage:0.12V, Resistance:264899.34ohm, LUX:4.91
Millis:59778, PWM:0.7, ADC:149, Voltage:0.12V, Resistance:264899.34ohm, LUX:4.87
Millis:59779, PWM:0.7, ADC:149, Voltage:0.12V, Resistance:259473.69ohm, LUX:4.87
Millis:59780, PWM:0.7, ADC:148, Voltage:0.12V, Resistance:288978.09ohm, LUX:4.87
Millis:59781, PWM:0.7, ADC:149, Voltage:0.12V, Resistance:264899.34ohm, LUX:4.91
Millis:59782, PWM:0.7, ADC:150, Voltage:0.12V, Resistance:266756.75ohm, LUX:4.95
Millis:59783, PWM:0.7, ADC:149, Voltage:0.12V, Resistance:266756.75ohm, LUX:4.91
Millis:59784, PWM:0.7, ADC:150, Voltage:0.12V, Resistance:264899.34ohm, LUX:4.87
Millis:59785, PWM:0.7, ADC:149, Voltage:0.12V, Resistance:264899.34ohm, LUX:4.91
Millis:59786, PWM:0.7, ADC:149, Voltage:0.12V, Resistance:264899.34ohm, LUX:4.91
Millis:59787, PWM:0.7, ADC:166, Voltage:0.12V, Resistance:264899.34ohm, LUX:4.91
Millis:59788, PWM:0.7, ADC:150, Voltage:0.12V, Resistance:264899.34ohm, LUX:4.87
Millis:59789, PWM:0.7, ADC:149, Voltage:0.12V, Resistance:286811.59ohm, LUX:4.91
Millis:59790, PWM:0.7, ADC:150, Voltage:0.12V, Resistance:263066.66ohm, LUX:4.91
Millis:59791, PWM:0.7, ADC:149, Voltage:0.12V, Resistance:254258.06ohm, LUX:4.95
Millis:59792, PWM:0.7, ADC:154, Voltage:0.12V, Resistance:266756.75ohm, LUX:4.91
Millis:59793, PWM:0.7, ADC:149, Voltage:0.12V, Resistance:264899.34ohm, LUX:5.13
Millis:59794, PWM:0.7, ADC:148, Voltage:0.12V, Resistance:264899.34ohm, LUX:4.87
Millis:59795, PWM:0.7, ADC:149, Voltage:0.12V, Resistance:264899.34ohm, LUX:4.91
Millis:59796, PWM:0.7, ADC:149, Voltage:0.12V, Resistance:264899.34ohm, LUX:4.91
Millis:59797, PWM:0.7, ADC:149, Voltage:0.13V, Resistance:264899.34ohm, LUX:5.04
Millis:59798, PWM:0.7, ADC:155, Voltage:0.12V, Resistance:264899.34ohm, LUX:5.43
Millis:59799, PWM:0.7, ADC:149, Voltage:0.12V, Resistance:257712.42ohm, LUX:4.87
Millis:59800, PWM:0.7, ADC:148, Voltage:0.12V, Resistance:264899.34ohm, LUX:5.39
Millis:59801, PWM:0.7, ADC:149, Voltage:0.12V, Resistance:264899.34ohm, LUX:4.91
Millis:59802, PWM:0.7, ADC:149, Voltage:0.12V, Resistance:264899.34ohm, LUX:4.91
Millis:59803, PWM:0.7, ADC:149, Voltage:0.12V, Resistance:264899.34ohm, LUX:4.91
Millis:59804, PWM:0.7, ADC:148, Voltage:0.12V, Resistance:254258.06ohm, LUX:4.91
Millis:59805, PWM:0.7, ADC:149, Voltage:0.12V, Resistance:264899.34ohm, LUX:4.91
Millis:59806, PWM:0.7, ADC:148, Voltage:0.14V, Resistance:264899.34ohm, LUX:5.17
Millis:59807, PWM:0.7, ADC:149, Voltage:0.12V, Resistance:264899.34ohm, LUX:4.91
Millis:59808, PWM:0.7, ADC:149, Voltage:0.12V, Resistance:257712.42ohm, LUX:4.91
Millis:59809, PWM:0.7, ADC:149, Voltage:0.12V, Resistance:254258.06ohm, LUX:4.91
Millis:59810, PWM:0.7, ADC:149, Voltage:0.12V, Resistance:297969.94ohm, LUX:5.26
Millis:59811, PWM:0.7, ADC:148, Voltage:0.12V, Resistance:255974.03ohm, LUX:5.08
Millis:59812, PWM:0.7, ADC:149, Voltage:0.12V, Resistance:264899.34ohm, LUX:4.91
Millis:59813, PWM:0.7, ADC:149, Voltage:0.12V, Resistance:254258.06ohm, LUX:4.45
Millis:59814, PWM:0.7, ADC:149, Voltage:0.12V, Resistance:282571.44ohm, LUX:5.17
Millis:59815, PWM:0.7, ADC:149, Voltage:0.12V, Resistance:264899.34ohm, LUX:4.40
Millis:59816, PWM:0.7, ADC:149, Voltage:0.12V, Resistance:254258.06ohm, LUX:4.91
Millis:59817, PWM:0.7, ADC:150, Voltage:0.12V, Resistance:264899.34ohm, LUX:4.91
Millis:59818, PWM:0.7, ADC:149, Voltage:0.12V, Resistance:264899.34ohm, LUX:4.95
Millis:59819, PWM:0.7, ADC:148, Voltage:0.12V, Resistance:259473.69ohm, LUX:4.91
Millis:59820, PWM:0.7, ADC:149, Voltage:0.12V, Resistance:264899.34ohm, LUX:5.08
Millis:59821, PWM:0.7, ADC:152, Voltage:0.12V, Resistance:264899.34ohm, LUX:4.91
Millis:59822, PWM:0.7, ADC:138, Voltage:0.12V, Resistance:264899.34ohm, LUX:4.45
Millis:59823, PWM:0.7, ADC:148, Voltage:0.12V, Resistance:270547.94ohm, LUX:4.95
Millis:59824, PWM:0.7, ADC:152, Voltage:0.12V, Resistance:264899.34ohm, LUX:4.95
Millis:59825, PWM:0.7, ADC:149, Voltage:0.12V, Resistance:241288.36ohm, LUX:4.49
Millis:59826, PWM:0.7, ADC:149, Voltage:0.12V, Resistance:264899.34ohm, LUX:4.91
Millis:59827, PWM:0.7, ADC:149, Voltage:0.12V, Resistance:233809.53ohm, LUX:4.87
Millis:59828, PWM:0.7, ADC:149, Voltage:0.12V, Resistance:264899.34ohm, LUX:4.91
Millis:59829, PWM:0.7, ADC:150, Voltage:0.12V, Resistance:264899.34ohm, LUX:4.91
Millis:59830, PWM:0.7, ADC:138, Voltage:0.12V, Resistance:264899.34ohm, LUX:4.87
Millis:59831, PWM:0.7, ADC:149, Voltage:0.12V, Resistance:264899.34ohm, LUX:4.87
Millis:59832, PWM:0.7, ADC:149, Voltage:0.12V, Resistance:259473.69ohm, LUX:4.95
Millis:59833, PWM:0.7, ADC:149, Voltage:0.12V, Resistance:264899.34ohm, LUX:4.87
Millis:59834, PWM:0.7, ADC:149, Voltage:0.12V, Resistance:264899.34ohm, LUX:4.91
Millis:59835, PWM:0.7, ADC:149, Voltage:0.12V, Resistance:254258.06ohm, LUX:5.17
Millis:59836, PWM:0.7, ADC:159, Voltage:0.12V, Resistance:264899.34ohm, LUX:4.87
Millis:59837, PWM:0.7, ADC:150, Voltage:0.12V, Resistance:286811.59ohm, LUX:3.91
Millis:59838, PWM:0.7, ADC:149, Voltage:0.12V, Resistance:266756.75ohm, LUX:4.91
Millis:59839, PWM:0.7, ADC:149, Voltage:0.12V, Resistance:264899.34ohm, LUX:4.87
Millis:59840, PWM:0.7, ADC:149, Voltage:0.12V, Resistance:264899.34ohm, LUX:4.87
Millis:59841, PWM:0.7, ADC:149, Voltage:0.12V, Resistance:264899.34ohm, LUX:4.87
Millis:59842, PWM:0.7, ADC:148, Voltage:0.12V, Resistance:263066.66ohm, LUX:4.91
Millis:59843, PWM:0.7, ADC:148, Voltage:0.12V, Resistance:266756.75ohm, LUX:4.91
Millis:59844, PWM:0.7, ADC:149, Voltage:0.12V, Resistance:264899.34ohm, LUX:4.91
Millis:59845, PWM:0.7, ADC:149, Voltage:0.12V, Resistance:264899.34ohm, LUX:4.91
Millis:59846, PWM:0.7, ADC:149, Voltage:0.11V, Resistance:264899.34ohm, LUX:4.87
Millis:59847, PWM:0.7, ADC:149, Voltage:0.12V, Resistance:264899.34ohm, LUX:5.04
Millis:59848, PWM:0.7, ADC:152, Voltage:0.12V, Resistance:264899.34ohm, LUX:4.91
Millis:59849, PWM:0.7, ADC:149, Voltage:0.12V, Resistance:264899.34ohm, LUX:4.87
Millis:59850, PWM:0.7, ADC:149, Voltage:0.12V, Resistance:229532.17ohm, LUX:4.91
Millis:59851, PWM:0.7, ADC:150, Voltage:0.12V, Resistance:266756.75ohm, LUX:4.91
Millis:59852, PWM:0.7, ADC:149, Voltage:0.12V, Resistance:264899.34ohm, LUX:4.95
Millis:59853, PWM:0.7, ADC:144, Voltage:0.12V, Resistance:264899.34ohm, LUX:4.91
Millis:59854, PWM:0.7, ADC:148, Voltage:0.12V, Resistance:264899.34ohm, LUX:5.17
Millis:59855, PWM:0.7, ADC:149, Voltage:0.12V, Resistance:232366.84ohm, LUX:4.91
Millis:59856, PWM:0.7, ADC:149, Voltage:0.12V, Resistance:264899.34ohm, LUX:5.65
Millis:59857, PWM:0.7, ADC:149, Voltage:0.12V, Resistance:282571.44ohm, LUX:4.95
Millis:59858, PWM:0.7, ADC:149, Voltage:0.12V, Resistance:297969.94ohm, LUX:4.87
Millis:59859, PWM:0.7, ADC:148, Voltage:0.12V, Resistance:236747.00ohm, LUX:4.87
Millis:59860, PWM:0.7, ADC:149, Voltage:0.11V, Resistance:264899.34ohm, LUX:4.91
Millis:59861, PWM:0.7, ADC:149, Voltage:0.12V, Resistance:257712.42ohm, LUX:4.91
Millis:59862, PWM:0.7, ADC:149, Voltage:0.12V, Resistance:264899.34ohm, LUX:4.91
Millis:59863, PWM:0.7, ADC:139, Voltage:0.14V, Resistance:264899.34ohm, LUX:5.21
Millis:59864, PWM:0.7, ADC:155, Voltage:0.12V, Resistance:264899.34ohm, LUX:4.91
Millis:59865, PWM:0.7, ADC:149, Voltage:0.12V, Resistance:263066.66ohm, LUX:4.87
Millis:59866, PWM:0.7, ADC:149, Voltage:0.12V, Resistance:264899.34ohm, LUX:4.91
Millis:59867, PWM:0.7, ADC:155, Voltage:0.12V, Resistance:264899.34ohm, LUX:4.91
Millis:59868, PWM:0.7, ADC:149, Voltage:0.12V, Resistance:264899.34ohm, LUX:4.95
Millis:59869, PWM:0.7, ADC:150, Voltage:0.12V, Resistance:263066.66ohm, LUX:4.91
Millis:59870, PWM:0.7, ADC:139, Voltage:0.12V, Resistance:264899.34ohm, LUX:4.95
Millis:59871, PWM:0.7, ADC:155, Voltage:0.14V, Resistance:264899.34ohm, LUX:4.95
Millis:59872, PWM:0.7, ADC:153, Voltage:0.12V, Resistance:264899.34ohm, LUX:4.91
Millis:59873, PWM:0.7, ADC:148, Voltage:0.12V, Resistance:264899.34ohm, LUX:4.91
Millis:59874, PWM:0.7, ADC:149, Voltage:0.12V, Resistance:264899.34ohm, LUX:4.87
Millis:59875, PWM:0.7, ADC:149, Voltage:0.12V, Resistance:286811.59ohm, LUX:4.95
Millis:59876, PWM:0.7, ADC:149, Voltage:0.12V, Resistance:259473.69ohm, LUX:4.91
Millis:59877, PWM:0.7, ADC:152, Voltage:0.12V, Resistance:264899.34ohm, LUX:4.95
Millis:59878, PWM:0.7, ADC:148, Voltage:0.13V, Resistance:266756.75ohm, LUX:5.17
Millis:59879, PWM:0.7, ADC:149, Voltage:0.12V, Resistance:255974.03ohm, LUX:4.91
Millis:59880, PWM:0.7, ADC:148, Voltage:0.12V, Resistance:264899.34ohm, LUX:4.87
Millis:59881, PWM:0.7, ADC:149, Voltage:0.12V, Resistance:254258.06ohm, LUX:4.91
Millis:59882, PWM:0.7, ADC:137, Voltage:0.17V, Resistance:264899.34ohm, LUX:4.70
Millis:59883, PWM:0.7, ADC:148, Voltage:0.12V, Resistance:310000.00ohm, LUX:4.91
Millis:59884, PWM:0.7, ADC:149, Voltage:0.12V, Resistance:266756.75ohm, LUX:4.91
Millis:59885, PWM:0.7, ADC:148, Voltage:0.12V, Resistance:264899.34ohm, LUX:4.91
Millis:59886, PWM:0.7, ADC:148, Voltage:0.11V, Resistance:264899.34ohm, LUX:4.91
Millis:59887, PWM:0.7, ADC:137, Voltage:0.12V, Resistance:264899.34ohm, LUX:4.91
Millis:59888, PWM:0.7, ADC:150, Voltage:0.12V, Resistance:266756.75ohm, LUX:4.95
Millis:59889, PWM:0.7, ADC:149, Voltage:0.12V, Resistance:264899.34ohm, LUX:4.91
Millis:59890, PWM:0.7, ADC:150, Voltage:0.12V, Resistance:261258.28ohm, LUX:4.91
Millis:59891, PWM:0.7, ADC:149, Voltage:0.12V, Resistance:264899.34ohm, LUX:4.91
Millis:59892, PWM:0.7, ADC:149, Voltage:0.12V, Resistance:266756.75ohm, LUX:4.91
Millis:59893, PWM:0.7, ADC:150, Voltage:0.11V, Resistance:266756.75ohm, LUX:4.91
Millis:59894, PWM:0.7, ADC:149, Voltage:0.12V, Resistance:286811.59ohm, LUX:4.91
Millis:59895, PWM:0.7, ADC:148, Voltage:0.12V, Resistance:264899.34ohm, LUX:4.91
Millis:59896, PWM:0.7, ADC:148, Voltage:0.12V, Resistance:264899.34ohm, LUX:4.91
Millis:59897, PWM:0.7, ADC:149, Voltage:0.12V, Resistance:264899.34ohm, LUX:4.87
Millis:59898, PWM:0.7, ADC:149, Voltage:0.12V, Resistance:264899.34ohm, LUX:4.91
Millis:59899, PWM:0.7, ADC:148, Voltage:0.12V, Resistance:286811.59ohm, LUX:4.91
Millis:59900, PWM:0.7, ADC:148, Voltage:0.11V, Resistance:264899.34ohm, LUX:4.95
Millis:59901, PWM:0.7, ADC:149, Voltage:0.12V, Resistance:263066.66ohm, LUX:5.08
Millis:59902, PWM:0.7, ADC:149, Voltage:0.12V, Resistance:264899.34ohm, LUX:4.91
Millis:59903, PWM:0.7, ADC:158, Voltage:0.12V, Resistance:266756.75ohm, LUX:4.87
Millis:59904, PWM:0.7, ADC:149, Voltage:0.12V, Resistance:264899.34ohm, LUX:4.95
Millis:59905, PWM:0.7, ADC:149, Voltage:0.12V, Resistance:264899.34ohm, LUX:5.13
Millis:59906, PWM:0.7, ADC:149, Voltage:0.12V, Resistance:264899.34ohm, LUX:4.87
Millis:59907, PWM:0.7, ADC:149, Voltage:0.12V, Resistance:264899.34ohm, LUX:4.87
Millis:59908, PWM:0.7, ADC:150, Voltage:0.13V, Resistance:264899.34ohm, LUX:4.91
Millis:59909, PWM:0.7, ADC:150, Voltage:0.12V, Resistance:264899.34ohm, LUX:4.87
Millis:59910, PWM:0.7, ADC:149, Voltage:0.12V, Resistance:259473.69ohm, LUX:4.91
Millis:59911, PWM:0.7, ADC:149, Voltage:0.12V, Resistance:264899.34ohm, LUX:4.87
Millis:59912, PWM:0.7, ADC:149, Voltage:0.12V, Resistance:264899.34ohm, LUX:4.91
Millis:59913, PWM:0.7, ADC:149, Voltage:0.12V, Resistance:266756.75ohm, LUX:4.91
Millis:59914, PWM:0.7, ADC:149, Voltage:0.12V, Resistance:266756.75ohm, LUX:4.87
Millis:59915, PWM:0.7, ADC:149, Voltage:0.12V, Resistance:263066.66ohm, LUX:4.87
Millis:59916, PWM:0.7, ADC:149, Voltage:0.12V, Resistance:266756.75ohm, LUX:4.91
Millis:59917, PWM:0.7, ADC:149, Voltage:0.12V, Resistance:263066.66ohm, LUX:4.91
Millis:59918, PWM:0.7, ADC:138, Voltage:0.12V, Resistance:264899.34ohm, LUX:4.91
Millis:59919, PWM:0.7, ADC:149, Voltage:0.12V, Resistance:249240.52ohm, LUX:4.87
Millis:59920, PWM:0.7, ADC:148, Voltage:0.12V, Resistance:264899.34ohm, LUX:5.74
Millis:59921, PWM:0.7, ADC:149, Voltage:0.12V, Resistance:264899.34ohm, LUX:4.91
Millis:59922, PWM:0.7, ADC:150, Voltage:0.12V, Resistance:263066.66ohm, LUX:5.17
Millis:59923, PWM:0.7, ADC:149, Voltage:0.12V, Resistance:264899.34ohm, LUX:4.87
Millis:59924, PWM:0.7, ADC:137, Voltage:0.12V, Resistance:263066.66ohm, LUX:4.91
Millis:59926, PWM:0.7, ADC:150, Voltage:0.12V, Resistance:264899.34ohm, LUX:4.87
Millis:59927, PWM:0.7, ADC:149, Voltage:0.11V, Resistance:264899.34ohm, LUX:4.91
Millis:59928, PWM:0.7, ADC:155, Voltage:0.12V, Resistance:264899.34ohm, LUX:4.91
Millis:59929, PWM:0.7, ADC:150, Voltage:0.12V, Resistance:264899.34ohm, LUX:4.87
Millis:59930, PWM:0.7, ADC:149, Voltage:0.11V, Resistance:266756.75ohm, LUX:4.95
Millis:59931, PWM:0.7, ADC:138, Voltage:0.12V, Resistance:264899.34ohm, LUX:4.95
Millis:59932, PWM:0.7, ADC:149, Voltage:0.11V, Resistance:264899.34ohm, LUX:5.30
Millis:59933, PWM:0.7, ADC:149, Voltage:0.12V, Resistance:257712.42ohm, LUX:4.91
Millis:59934, PWM:0.7, ADC:152, Voltage:0.12V, Resistance:264899.34ohm, LUX:4.40
Millis:59935, PWM:0.7, ADC:149, Voltage:0.12V, Resistance:264899.34ohm, LUX:4.91
Millis:59936, PWM:0.7, ADC:149, Voltage:0.12V, Resistance:264899.34ohm, LUX:4.95
Millis:59937, PWM:0.7, ADC:155, Voltage:0.12V, Resistance:266756.75ohm, LUX:4.95
Millis:59938, PWM:0.7, ADC:149, Voltage:0.12V, Resistance:264899.34ohm, LUX:4.91
Millis:59939, PWM:0.7, ADC:138, Voltage:0.12V, Resistance:264899.34ohm, LUX:4.91
Millis:59940, PWM:0.7, ADC:149, Voltage:0.12V, Resistance:254258.06ohm, LUX:5.39
Millis:59941, PWM:0.7, ADC:149, Voltage:0.12V, Resistance:264899.34ohm, LUX:4.91
Millis:59942, PWM:0.7, ADC:152, Voltage:0.12V, Resistance:266756.75ohm, LUX:4.91
Millis:59943, PWM:0.7, ADC:150, Voltage:0.12V, Resistance:264899.34ohm, LUX:4.91
Millis:59944, PWM:0.7, ADC:148, Voltage:0.12V, Resistance:263066.66ohm, LUX:5.74
Millis:59945, PWM:0.7, ADC:148, Voltage:0.12V, Resistance:263066.66ohm, LUX:4.87
Millis:59946, PWM:0.7, ADC:149, Voltage:0.12V, Resistance:254258.06ohm, LUX:4.95
Millis:59947, PWM:0.7, ADC:149, Voltage:0.12V, Resistance:255974.03ohm, LUX:5.08
Millis:59948, PWM:0.7, ADC:149, Voltage:0.12V, Resistance:257712.42ohm, LUX:4.91
Millis:59949, PWM:0.7, ADC:150, Voltage:0.11V, Resistance:264899.34ohm, LUX:4.91
Millis:59950, PWM:0.7, ADC:150, Voltage:0.12V, Resistance:263066.66ohm, LUX:4.95
Millis:59951, PWM:0.7, ADC:149, Voltage:0.12V, Resistance:264899.34ohm, LUX:4.91
Millis:59952, PWM:0.7, ADC:139, Voltage:0.12V, Resistance:264899.34ohm, LUX:5.04
Millis:59953, PWM:0.7, ADC:148, Voltage:0.12V, Resistance:264899.34ohm, LUX:4.91
Millis:59954, PWM:0.7, ADC:149, Voltage:0.12V, Resistance:264899.34ohm, LUX:4.91
Millis:59955, PWM:0.7, ADC:149, Voltage:0.12V, Resistance:257712.42ohm, LUX:4.95
Millis:59956, PWM:0.7, ADC:149, Voltage:0.12V, Resistance:264899.34ohm, LUX:4.91
Millis:59957, PWM:0.7, ADC:147, Voltage:0.12V, Resistance:264899.34ohm, LUX:4.78
Millis:59958, PWM:0.7, ADC:139, Voltage:0.12V, Resistance:264899.34ohm, LUX:4.91
Millis:59959, PWM:0.7, ADC:148, Voltage:0.12V, Resistance:266756.75ohm, LUX:4.95
Millis:59960, PWM:0.7, ADC:149, Voltage:0.12V, Resistance:272482.75ohm, LUX:4.87
Millis:59961, PWM:0.7, ADC:154, Voltage:0.12V, Resistance:263066.66ohm, LUX:4.91
Millis:59962, PWM:0.7, ADC:149, Voltage:0.12V, Resistance:286811.59ohm, LUX:4.95
Millis:59963, PWM:0.7, ADC:148, Voltage:0.12V, Resistance:264899.34ohm, LUX:4.91
Millis:59964, PWM:0.7, ADC:149, Voltage:0.12V, Resistance:257712.42ohm, LUX:5.04
Millis:59965, PWM:0.7, ADC:149, Voltage:0.12V, Resistance:266756.75ohm, LUX:4.91
Millis:59966, PWM:0.7, ADC:149, Voltage:0.12V, Resistance:264899.34ohm, LUX:4.87
Millis:59967, PWM:0.7, ADC:149, Voltage:0.12V, Resistance:365779.84ohm, LUX:4.91
Millis:59968, PWM:0.7, ADC:149, Voltage:0.12V, Resistance:264899.34ohm, LUX:4.91
Millis:59969, PWM:0.7, ADC:150, Voltage:0.12V, Resistance:264899.34ohm, LUX:4.91
Millis:59970, PWM:0.7, ADC:155, Voltage:0.11V, Resistance:264899.34ohm, LUX:4.91
Millis:59971, PWM:0.7, ADC:149, Voltage:0.12V, Resistance:264899.34ohm, LUX:4.91
Millis:59972, PWM:0.7, ADC:148, Voltage:0.12V, Resistance:264899.34ohm, LUX:4.91
Millis:59973, PWM:0.7, ADC:148, Voltage:0.12V, Resistance:264899.34ohm, LUX:4.91
Millis:59974, PWM:0.7, ADC:140, Voltage:0.12V, Resistance:264899.34ohm, LUX:4.95
Millis:59975, PWM:0.7, ADC:148, Voltage:0.11V, Resistance:264899.34ohm, LUX:5.13
Millis:59976, PWM:0.7, ADC:149, Voltage:0.12V, Resistance:264899.34ohm, LUX:5.74
Millis:59977, PWM:0.7, ADC:149, Voltage:0.12V, Resistance:266756.75ohm, LUX:4.91
Millis:59978, PWM:0.7, ADC:149, Voltage:0.12V, Resistance:264899.34ohm, LUX:4.91
Millis:59979, PWM:0.7, ADC:149, Voltage:0.14V, Resistance:264899.34ohm, LUX:4.95
Millis:59980, PWM:0.7, ADC:149, Voltage:0.12V, Resistance:264899.34ohm, LUX:4.91
Millis:59981, PWM:0.7, ADC:149, Voltage:0.12V, Resistance:282571.44ohm, LUX:4.91
Millis:59982, PWM:0.7, ADC:149, Voltage:0.12V, Resistance:264899.34ohm, LUX:4.91
Millis:59983, PWM:0.7, ADC:149, Voltage:0.12V, Resistance:266756.75ohm, LUX:4.95
Millis:59984, PWM:0.7, ADC:149, Voltage:0.12V, Resistance:266756.75ohm, LUX:4.91
Millis:59985, PWM:0.7, ADC:149, Voltage:0.12V, Resistance:264899.34ohm, LUX:4.91
Millis:59986, PWM:0.7, ADC:149, Voltage:0.12V, Resistance:264899.34ohm, LUX:4.91
Millis:59987, PWM:0.7, ADC:150, Voltage:0.12V, Resistance:264899.34ohm, LUX:5.04
Millis:59988, PWM:0.7, ADC:149, Voltage:0.12V, Resistance:254258.06ohm, LUX:4.45
Millis:59989, PWM:0.7, ADC:157, Voltage:0.12V, Resistance:254258.06ohm, LUX:5.21
Millis:59990, PWM:0.7, ADC:155, Voltage:0.12V, Resistance:264899.34ohm, LUX:4.91
Millis:59991, PWM:0.7, ADC:149, Voltage:0.12V, Resistance:264899.34ohm, LUX:4.70
Millis:59992, PWM:0.7, ADC:148, Voltage:0.12V, Resistance:264899.34ohm, LUX:4.91
Millis:59993, PWM:0.7, ADC:149, Voltage:0.12V, Resistance:266756.75ohm, LUX:4.91
Millis:59994, PWM:0.7, ADC:150, Voltage:0.12V, Resistance:264899.34ohm, LUX:4.45
Millis:59995, PWM:0.7, ADC:153, Voltage:0.12V, Resistance:264899.34ohm, LUX:4.91
Millis:59996, PWM:0.7, ADC:168, Voltage:0.12V, Resistance:264899.34ohm, LUX:5.00
Millis:59997, PWM:0.7, ADC:150, Voltage:0.11V, Resistance:266756.75ohm, LUX:4.91
Millis:59998, PWM:0.7, ADC:149, Voltage:0.12V, Resistance:284676.28ohm, LUX:4.87
Millis:59999, PWM:0.7, ADC:149, Voltage:0.12V, Resistance:264899.34ohm, LUX:5.04
Millis:60000, PWM:0.7, ADC:149, Voltage:0.13V, Resistance:264899.34ohm, LUX:4.91
---- Closed the serial port COM10 ----